Provider Id,Latitude,Longitude
10001,31.215391,-85.363372
10005,34.204556,-86.160565
10006,34.825819,-87.664912
10007,31.292574,-86.254436
10008,31.693827,-86.264249
10011,33.530651,-86.800929
10012,34.452834,-85.701505
10016,33.246702,-86.813699
10019,34.746043,-87.700355
10021,31.4511,-85.632426
10022,34.155075,-85.664515
10023,32.328457,-86.277826
10024,32.367637,-86.285027
10029,32.638118,-85.410194
10032,33.310626,-85.488721
10033,33.530651,-86.800929
10034,32.533936,-85.912266
10035,34.171754,-86.840307
10036,31.296004,-86.494555
10038,33.667762,-85.823868
10039,34.756007,-86.616034
10040,34.001949,-85.950382
10044,34.143089,-87.974299
10045,33.708544,-87.824662
10046,34.004263,-86.003347
10047,31.638635,-86.741762
10049,31.318384,-85.855215
10052,32.818588,-85.741261
10055,31.238104,-85.457115
10056,33.507132,-86.789069
10058,32.965791,-87.137883
10059,34.48327,-87.285085
10061,34.661437,-86.048186
10062,31.049297,-85.892129
10065,32.929969,-85.97017
10069,31.888649,-85.156199
10073,33.277482,-85.823811
10078,33.65558,-85.822631
10079,34.788083,-86.961288
10083,30.426171,-87.684758
10085,34.591133,-86.971641
10086,33.928212,-87.800615
10087,30.70862,-88.096972
10089,33.837731,-87.264946
10090,30.679394,-88.19926
10091,31.699605,-87.775481
10092,33.205212,-87.525457
10095,32.703187,-87.591536
10097,32.552257,-86.186358
10099,31.126851,-87.073779
10100,30.518458,-87.888365
10101,33.44041,-86.089966
10102,31.997761,-87.300559
10103,33.498659,-86.846501
10104,33.43323,-86.718377
10108,32.463516,-86.451778
10109,33.261967,-88.095085
10110,32.143356,-85.7141
10112,32.504904,-87.836968
10113,30.699225,-88.079477
10114,33.372517,-86.990428
10118,32.429107,-87.056629
10120,31.498111,-87.320586
10125,34.242085,-87.591734
10126,31.79822,-85.968781
10128,31.530804,-87.894493
10129,30.903582,-87.785194
10130,33.604448,-86.301595
10131,34.756007,-86.616034
10138,32.492001,-88.295541
10139,33.530651,-86.800929
10144,30.684961,-88.130082
10146,33.81418,-85.76009
10148,31.430501,-86.940798
10149,32.376192,-86.174899
10150,31.828269,-86.631597
10157,34.747388,-87.676528
10158,34.505823,-87.731036
10164,33.164603,-86.254924
10168,32.507967,-85.008518
10169,31.016837,-87.478791
10173,32.872577,-86.621667
20001,61.188356,-149.818724
20006,61.599454,-149.106264
20008,58.32887,-134.464581
20012,64.831694,-147.739306
20017,61.20959,-149.83179
20018,60.790731,-161.792721
20024,60.493289,-151.076998
20026,61.182716,-149.800396
30001,33.502774,-112.170442
30002,33.4648,-112.05847
30006,32.252535,-110.877516
30007,34.735167,-112.029556
30010,32.19709,-110.828987
30011,32.227878,-110.85474
30012,34.558994,-112.4819
30013,32.682635,-114.634942
30014,33.569424,-112.070614
30022,33.457125,-112.02694
30023,35.208584,-111.645088
30024,33.482199,-112.079597
30030,33.525116,-112.10192
30033,34.244456,-111.319476
30036,33.297497,-111.874613
30037,33.454912,-112.042777
30038,33.488546,-111.922913
30043,31.553219,-110.229735
30055,35.21978,-114.037294
30061,33.605022,-112.278105
30062,34.202889,-110.018075
30064,32.241255,-110.945887
30065,33.390843,-111.877217
30068,32.822054,-109.720607
30069,34.478062,-114.339456
30071,35.746705,-109.061657
30073,36.131596,-111.240364
30077,33.296192,-110.454981
30078,33.497387,-112.04905
30083,33.639201,-111.998131
30084,36.162455,-109.573856
30085,32.22825,-111.011719
30087,33.581024,-111.885279
30088,33.410604,-111.688062
30089,33.609189,-112.17915
30092,33.6659,-112.115948
30093,33.660183,-112.372098
30094,33.655072,-112.201812
30101,35.110922,-114.555234
30103,33.658959,-111.956859
30105,33.41128,-111.689158
30107,33.380058,-111.734698
30108,33.53163,-112.098767
30110,33.46208,-112.352934
30111,32.175798,-110.930692
30112,33.333927,-111.891193
30113,33.836509,-109.960848
30114,32.428472,-110.94935
30115,33.478634,-112.257538
30117,35.002655,-114.595879
30119,33.286817,-111.751676
30121,33.391285,-111.611254
30122,33.384391,-111.722009
30123,33.671019,-111.921841
30130,33.23772,-111.623602
30131,33.506593,-111.995347
30132,33.073265,-111.485632
30134,33.394033,-111.56736
30137,31.843789,-111.016136
40001,36.189931,-94.507831
40002,35.461596,-93.444849
40004,36.072575,-94.157671
40007,34.713561,-92.355844
40010,36.30899,-94.183095
40011,35.054759,-93.387698
40014,35.251295,-91.697911
40015,34.589105,-94.221597
40016,34.747817,-92.320467
40017,36.241458,-93.110159
40018,35.446545,-94.349003
40019,35.039305,-90.775641
40020,35.82477,-90.693517
40022,36.180447,-94.136706
40026,34.467404,-93.067092
40027,36.342981,-92.395855
40029,35.0858,-92.457811
40036,34.7837,-92.223076
40039,36.051872,-90.498393
40041,35.283456,-93.150221
40047,36.289775,-90.997322
40050,33.567931,-92.839659
40051,33.610773,-91.816455
40055,35.3746,-94.419467
40062,35.355962,-94.352096
40067,33.274721,-93.239125
40069,35.923887,-89.904178
40071,34.187711,-92.030463
40072,34.518498,-91.559047
40074,34.873413,-92.125011
40076,34.358752,-92.785943
40078,34.486125,-93.035559
40084,34.573507,-92.585803
40085,34.510227,-90.626949
40088,33.220467,-92.671073
40114,34.713561,-92.355844
40118,35.845238,-90.690443
40119,35.767887,-91.6344
40134,34.739214,-92.393386
40137,34.81312,-92.207969
40147,34.804547,-92.35299
40152,36.121629,-94.134066
40153,33.671831,-93.599146
40154,35.077164,-92.419397
50002,37.63358,-122.089472
50006,40.783843,-124.142316
50007,37.592363,-122.38244
50008,37.768239,-122.434595
50009,38.325104,-122.295733
50013,38.502814,-122.470446
50014,38.35027,-120.766109
50017,38.570735,-121.452573
50018,34.06476,-118.2393
50022,33.97637,-117.381407
50024,32.685594,-117.082183
50025,32.755082,-117.165577
50026,32.78157,-117.007141
50028,40.896317,-124.091462
50030,39.505659,-121.541455
50036,35.39238,-119.006865
50038,37.273217,-121.935182
50039,39.742159,-121.849862
50040,34.324379,-118.448374
50042,40.149319,-122.21991
50043,37.820841,-122.261761
50045,32.787341,-115.561149
50047,37.790615,-122.431434
50054,33.956269,-116.946839
50055,37.747255,-122.420863
50056,34.688362,-118.158371
50057,36.327531,-119.314389
50058,34.176355,-118.24774
50060,36.74314,-119.783689
50063,34.095788,-118.291517
50067,37.757083,-120.861103
50069,33.782182,-117.865334
50070,37.658474,-122.439719
50071,37.356651,-121.961118
50072,37.89155,-122.058834
50073,38.126542,-122.247795
50075,37.824215,-122.257922
50076,37.782649,-122.442016
50077,32.73145,-117.160295
50078,33.737842,-118.285648
50082,34.216838,-119.156239
50084,37.968945,-121.28819
50089,34.110946,-117.323035
50090,38.288106,-122.465149
50091,33.989522,-118.224258
50093,36.836843,-119.765478
50096,34.071352,-117.944755
50099,34.101015,-117.638542
50100,32.798583,-117.154618
50101,38.131184,-122.237323
50102,33.927146,-117.439082
50103,34.05513,-118.25703
50104,33.929844,-118.203108
50107,34.950988,-120.413222
50108,38.571805,-121.475465
50110,34.638912,-120.446315
50112,34.027452,-118.486778
50113,37.530913,-122.300168
50115,33.155132,-117.031686
50116,34.221223,-118.502261
50118,37.801586,-121.197521
50121,36.323862,-119.666955
50122,37.961544,-121.301733
50124,34.20553,-118.216799
50125,37.362472,-121.849255
50126,34.194076,-118.462499
50127,38.681446,-121.752768
50128,33.184329,-117.291805
50129,34.134626,-117.273563
50131,38.099097,-122.560264
50132,34.100806,-118.105878
50133,39.139084,-121.590639
50135,34.096313,-118.325079
50136,38.254614,-122.631895
50137,34.219734,-118.430841
50138,34.065824,-118.249462
50139,33.930826,-118.178826
50140,34.072247,-117.431967
50145,36.598828,-121.898426
50149,34.037202,-118.26562
50150,39.228117,-121.047253
50152,37.789579,-122.416776
50153,37.327933,-121.936989
50158,34.157039,-118.487157
50159,34.277563,-119.2537
50167,37.885833,-121.277359
50168,33.894638,-117.927205
50169,33.969794,-118.04936
50174,38.443799,-122.70136
50179,37.511644,-120.838009
50180,37.913037,-122.040782
50189,36.206035,-121.133101
50191,33.779968,-118.185853
50192,36.608234,-119.452021
50194,36.92652,-121.793494
50195,37.537687,-121.997026
50197,37.480016,-122.254364
50204,34.583449,-118.14447
50205,34.131884,-117.843879
50211,37.763819,-122.254906
50222,32.618171,-117.023257
50224,33.59153,-117.886307
50225,39.757221,-121.57144
50226,33.847901,-117.934048
50228,37.756158,-122.405666
50230,33.77399,-117.955872
50231,34.077092,-117.750628
50232,35.277888,-120.650836
50234,32.694252,-117.16797
50235,34.185797,-118.322584
50236,34.289186,-118.746639
50238,34.134022,-118.042151
50239,34.176355,-118.24774
50242,36.990127,-121.983582
50243,33.829281,-116.545658
50245,34.059181,-117.318795
50248,36.697249,-121.634037
50254,38.724589,-120.791185
50257,35.411727,-119.039745
50261,36.068963,-119.026652
50262,34.066195,-118.445937
50272,34.037711,-117.206485
50276,38.006565,-122.132915
50278,34.27918,-118.460286
50279,34.132577,-116.275086
50280,40.598589,-122.358175
50281,34.090485,-118.144098
50283,37.684932,-121.894325
50289,37.679708,-122.474294
50290,34.016786,-118.494724
50291,38.463407,-122.718931
50292,33.912016,-117.195868
50295,35.372798,-119.027622
50296,36.833493,-121.385924
50298,34.892431,-117.017066
50300,34.533538,-117.211531
50301,39.153518,-123.204379
50305,37.855927,-122.257304
50308,37.370624,-122.082708
50309,38.767336,-121.248713
50313,37.739654,-121.438134
50315,35.380411,-118.967358
50320,37.798283,-122.231671
50324,32.841101,-117.273042
50327,34.049405,-117.261121
50329,33.873044,-117.56842
50334,36.659105,-121.646312
50335,37.977798,-120.371497
50336,38.121492,-121.285824
50342,32.978398,-115.530062
50348,33.802647,-117.84931
50350,34.015015,-118.100636
50351,33.812352,-118.344411
50352,38.911609,-119.9976
50353,33.838209,-118.356809
50357,34.389656,-119.702652
50359,36.210334,-119.335214
50360,37.947337,-122.535905
50367,38.273076,-122.041473
50373,34.060399,-118.208807
50376,33.830965,-118.358243
50378,34.241009,-118.395873
50380,37.251694,-121.946486
50382,34.088021,-117.893412
50390,33.737811,-116.995579
50393,33.934437,-118.131176
50394,34.274589,-119.258124
50396,34.389656,-119.702652
50407,37.795473,-122.408982
50411,33.78811,-118.295247
50414,38.670187,-121.146194
50417,41.750265,-124.199322
50423,33.610974,-114.558076
50424,32.841101,-117.273042
50425,38.57873,-121.466786
50426,33.824634,-118.005882
50438,34.134359,-118.152575
50441,37.433541,-122.178539
50444,37.340022,-120.467108
50454,37.764832,-122.450123
50455,35.383063,-119.019166
50457,37.774059,-122.454188
50464,37.665402,-120.997439
50468,33.893071,-118.29506
50471,34.062391,-118.349469
50481,34.202785,-118.629285
50485,33.807598,-118.187199
50488,37.697018,-122.087351
50492,36.839103,-119.660427
50496,37.983156,-122.03317
50498,38.898076,-121.071247
50502,34.063362,-118.273688
50503,33.037265,-117.283427
50506,35.292315,-120.665665
50510,38.004301,-122.554692
50512,37.553263,-121.980299
50515,32.791554,-117.095212
50516,38.669752,-121.31276
50517,34.53089,-117.292412
50523,37.983105,-121.802598
50526,33.676417,-117.988537
50528,37.064064,-120.859502
50534,33.70616,-116.235432
50537,38.56285,-121.7713
50541,37.488896,-122.217063
50543,33.651894,-117.912034
50546,36.04049,-118.980637
50547,38.32133,-122.502562
50549,34.20756,-118.882176
50551,33.793006,-118.059769
50557,37.668436,-120.974147
50561,34.038065,-118.375937
50567,33.560195,-117.666063
50568,36.944803,-120.04368
50570,33.709629,-117.951352
50573,33.786234,-116.406062
50575,33.829685,-118.07478
50580,33.847533,-118.038414
50581,33.859779,-118.148243
50586,33.999911,-117.677596
50588,34.099472,-117.831664
50589,33.877753,-117.843548
50590,38.57873,-121.466786
50597,34.106287,-117.872663
50599,38.531121,-121.445433
50603,33.60791,-117.708107
50604,37.23933,-121.803738
50608,35.761295,-119.311753
50609,33.852307,-117.843971
50616,34.243603,-119.019839
50624,34.139271,-117.274009
50625,34.076544,-118.380004
50633,35.55532,-120.719658
50636,32.996481,-117.057264
50641,34.034147,-118.215193
50663,34.026941,-118.236618
50674,38.471325,-121.421387
50677,34.167198,-118.605827
50678,33.701748,-117.954044
50684,38.780117,-121.355781
50686,33.904944,-117.469182
50688,37.003832,-121.593567
50689,37.776067,-121.958303
50690,38.471618,-122.725982
50696,34.06199,-118.203013
50697,40.585877,-122.416714
50701,33.55891,-117.18368
50704,34.221319,-118.456749
50708,36.825012,-119.781774
50709,34.471613,-117.297839
50710,36.843378,-119.783429
50714,36.987693,-121.977463
50717,33.930817,-118.183048
50723,34.07165,-117.977453
50724,35.384972,-119.039948
50726,37.664731,-120.958393
50727,33.788864,-118.144711
50735,34.019023,-118.16576
50736,34.049568,-118.13852
50737,34.048171,-118.132541
50738,34.047766,-118.043436
50739,33.94908,-118.349446
50740,33.979024,-118.437141
50742,34.05733,-118.360105
50744,33.819842,-117.909255
50745,33.787876,-117.852569
50746,33.758751,-117.834252
50747,33.711089,-117.884309
50748,37.796187,-121.226271
50754,37.482058,-122.150364
50755,34.160258,-118.448896
50757,32.776095,-117.057405
50758,34.077714,-117.700865
50760,37.950845,-121.774768
50761,34.169879,-118.531234
50763,34.0689,-118.263368
50764,40.585613,-122.387655
50765,33.897103,-117.186004
50766,39.13161,-121.612969
50767,38.388171,-121.938239
50769,33.662469,-117.773257
50770,33.614735,-117.169137
50771,33.908903,-118.083579
50772,38.746818,-121.250533
50773,37.712582,-122.143535
50775,33.480848,-117.10632
50776,33.807327,-118.19305
50777,37.706602,-122.164742
50779,34.05513,-118.25703
50780,33.748673,-117.811718
50781,38.397065,-122.819423
50782,34.055948,-117.756785
60001,40.414818,-104.708899
60003,40.182207,-105.126432
60004,39.964776,-104.768799
60006,38.480073,-107.868958
60008,37.47272,-105.883814
60009,39.766106,-105.090349
60010,40.57177,-105.055571
60011,39.728464,-104.990709
60012,38.233722,-104.622453
60013,37.235826,-107.826027
60014,39.747175,-104.967691
60015,39.715876,-105.129424
60016,38.455341,-105.230368
60020,38.282103,-104.612684
60022,38.838951,-104.799258
60023,39.090332,-108.563049
60024,39.742234,-104.840795
60027,40.01617,-105.23668
60028,39.746133,-104.971468
60030,40.413911,-105.053631
60031,38.866342,-104.823147
60032,39.73232,-104.934029
60034,39.654181,-104.980071
60044,40.260395,-103.795595
60049,40.462598,-106.814464
60054,39.105197,-108.615972
60064,39.670055,-104.974899
60065,39.86354,-104.984643
60071,38.74468,-108.047092
60075,39.532667,-107.321093
60076,40.612456,-103.220651
60096,39.642826,-106.381633
60100,39.689274,-104.831851
60103,39.951917,-105.15121
60104,39.955512,-104.991316
60112,39.529062,-104.871041
60113,39.615017,-104.988037
60114,39.548165,-104.770755
60116,39.970827,-105.086306
60117,37.248285,-107.870957
60118,39.574175,-106.095664
60119,40.415537,-104.99748
60124,39.717048,-105.129351
60125,39.405271,-104.884621
60126,40.521265,-105.009048
70002,41.775082,-72.699194
70003,41.906593,-71.914062
70004,41.880002,-73.482572
70005,41.56187,-73.060708
70006,41.093085,-73.550846
70007,41.336493,-72.104593
70008,41.957755,-72.307871
70010,41.189188,-73.166922
70011,41.791996,-73.134271
70012,41.866495,-72.451889
70016,41.556533,-73.037159
70017,41.549873,-72.802368
70018,41.034544,-73.630378
70019,41.216465,-73.065255
70020,41.554306,-72.647398
70021,41.717322,-72.226656
70022,41.304393,-72.935715
70024,41.54264,-72.088676
70025,41.754172,-72.680198
70027,41.78169,-72.525484
70028,41.201329,-73.20178
70029,41.677087,-72.928655
70031,41.335025,-73.088623
70033,41.40498,-73.443513
70034,41.110351,-73.421838
70035,41.661475,-72.786599
70036,41.734182,-72.793791
70039,41.462755,-72.835673
80001,39.674921,-75.752432
80003,39.72266,-75.512825
80004,39.150629,-75.523522
80006,38.641696,-75.604525
80007,38.771539,-75.143214
80009,38.905893,-75.432736
90001,38.901584,-77.050338
90003,38.91781,-77.020923
90004,38.912097,-77.014683
90005,38.936167,-77.108831
90006,38.944024,-76.990482
90008,38.836306,-76.984071
90011,38.929652,-77.015648
100001,30.348599,-81.664199
100002,26.505009,-80.070268
100006,28.41959,-81.293691
100007,28.573251,-81.369742
100008,25.766368,-80.210268
100009,25.766368,-80.210268
100012,26.628494,-81.874228
100014,29.021246,-80.922252
100017,29.201067,-81.054186
100018,26.150346,-81.798905
100019,28.087102,-80.614527
100022,25.791124,-80.212074
100023,28.833532,-82.335263
100025,30.476495,-87.212192
100026,30.159162,-85.647248
100028,28.629833,-80.822484
100029,25.766368,-80.210268
100030,28.549612,-81.523936
100032,27.763082,-82.642651
100034,25.81544,-80.13831
100035,27.498064,-82.562041
100038,26.019711,-80.180489
100039,26.102083,-80.140876
100040,30.308654,-81.689884
100043,28.013422,-82.782602
100044,27.195843,-80.246226
100045,29.02853,-81.299223
100046,28.260434,-82.185927
100047,26.941278,-82.040148
100048,30.949867,-87.151322
100049,27.465567,-81.432748
100050,25.868846,-80.312284
100051,28.552335,-81.722929
100052,28.026007,-81.727464
100053,25.845589,-80.269116
100054,30.541672,-86.4892
100055,28.133068,-82.757392
100057,28.824576,-81.712222
100062,29.174747,-82.13891
100063,28.255281,-82.714281
100067,27.759293,-82.622172
100068,29.241485,-81.107185
100069,27.935231,-82.495716
100070,27.091002,-82.44498
100071,28.541751,-82.408792
100072,28.913938,-81.284706
100073,26.187074,-80.119447
100075,27.981218,-82.478035
100077,26.988995,-82.095612
100080,26.598736,-80.091636
100081,30.719543,-86.113477
100084,28.807789,-81.868841
100086,26.276422,-80.121278
100087,27.318805,-82.532791
100088,30.316549,-81.6643
100090,29.897545,-81.315899
100092,28.335229,-80.723198
100093,30.429469,-87.230906
100099,27.895852,-81.565518
100102,30.188826,-82.637793
100105,27.642936,-80.413043
100106,30.120054,-83.593633
100107,26.61536,-81.659265
100109,27.492041,-81.454995
100110,28.299709,-81.409301
100113,29.640725,-82.343571
100117,30.273416,-81.398826
100118,29.533296,-81.218811
100121,27.917488,-81.843487
100122,30.759069,-86.570212
100124,30.633886,-87.067064
100125,25.48002,-80.429987
100126,27.759293,-82.622172
100127,27.952803,-82.803272
100128,27.93753,-82.459285
100130,26.683909,-80.672959
100131,25.970154,-80.145862
100132,28.015678,-82.138697
100134,30.285532,-82.118926
100135,30.456666,-84.261692
100137,28.15938,-81.608924
100140,30.667089,-81.44688
100142,30.786744,-85.2417
100150,24.560722,-81.769733
100151,30.260208,-81.444659
100154,25.702663,-80.293744
100156,30.188826,-82.637793
100157,28.060693,-81.954904
100161,28.814032,-81.283669
100166,27.331803,-82.549852
100167,26.12647,-80.205196
100168,26.358492,-80.103499
100173,28.069299,-82.37676
100175,27.227813,-81.851067
100176,26.829867,-80.087158
100177,28.360595,-80.624595
100179,30.288952,-81.600987
100180,27.805405,-82.726933
100181,25.705997,-80.292988
100183,25.743365,-80.25474
100187,25.886248,-80.325773
100189,26.263063,-80.204017
100191,28.181729,-82.65554
100200,26.206456,-80.110092
100204,29.653243,-82.383504
100206,27.938045,-82.488761
100209,25.766368,-80.210268
100211,28.36304,-82.191635
100212,29.175657,-82.136022
100213,27.482601,-82.62307
100217,27.777899,-80.481299
100220,26.623796,-81.838295
100223,30.41712,-86.624669
100224,26.193881,-80.251984
100226,30.165416,-81.718899
100228,26.123302,-80.259238
100230,26.029271,-80.246314
100231,30.48826,-87.223138
100232,29.641908,-81.692386
100236,26.988874,-82.09921
100238,27.777242,-82.699906
100240,25.791017,-80.210692
100242,30.187765,-85.665085
100243,27.932772,-82.287588
100244,26.645365,-81.971345
100246,27.432457,-80.344845
100248,27.914168,-82.803312
100249,28.900563,-82.599504
100252,27.242799,-80.830148
100253,26.923006,-80.095988
100254,30.476158,-84.231292
100255,27.935231,-82.495716
100256,28.361262,-82.688343
100258,26.438,-80.127048
100259,27.714423,-82.36546
100260,27.288608,-80.294307
100264,28.541751,-82.408792
100265,28.038777,-82.708031
100266,30.360223,-87.156819
100267,26.963085,-82.358664
100268,26.375019,-80.104975
100269,26.683728,-80.252551
100275,26.652976,-80.205121
100276,26.269272,-80.255978
100281,26.012949,-80.309826
100284,25.766368,-80.210268
100285,25.97516,-80.335731
100286,26.147496,-81.797101
100287,26.725214,-80.051392
100288,26.755822,-80.062441
100289,26.081552,-80.365941
100290,28.950136,-81.958616
100291,28.109279,-80.674506
100292,30.38034,-86.307031
100296,25.738515,-80.266106
100299,27.491923,-82.58077
100302,28.243652,-81.303233
100307,30.253597,-81.582102
100313,29.811175,-85.305575
100314,25.766368,-80.210268
100315,28.196195,-80.672077
100316,27.998786,-80.641134
100319,28.195274,-82.351156
100320,28.298248,-81.414457
100321,30.052364,-81.901965
100329,28.657639,-81.227116
110001,34.788953,-84.985036
110002,32.885777,-84.336908
110003,31.225042,-82.348225
110005,34.178754,-84.140201
110006,33.947843,-83.405942
110007,31.590227,-84.157564
110008,34.228311,-84.464344
110010,33.769805,-84.414581
110011,33.570128,-85.074034
110015,33.744707,-84.917333
110016,33.032001,-85.057831
110018,33.601426,-83.847917
110023,34.510364,-84.926803
110024,32.028103,-81.100073
110025,31.14589,-81.478364
110026,34.113353,-82.875055
110027,34.436342,-83.107436
110028,33.470607,-81.982661
110029,34.303359,-83.817961
110030,34.160411,-84.799481
110031,33.238737,-84.266961
110032,34.592997,-83.348036
110034,33.471319,-81.989836
110035,33.968743,-84.551246
110036,32.030382,-81.089258
110038,30.840007,-83.978242
110039,33.466069,-82.017684
110040,34.219343,-83.468845
110041,34.56575,-83.545873
110042,33.900812,-84.781608
110043,31.985613,-81.155416
110044,32.066969,-84.256297
110045,34.008142,-83.707235
110046,33.798639,-83.748668
110050,34.779897,-84.783152
110051,34.876073,-83.957534
110054,34.259149,-85.178625
110064,32.497799,-84.87392
110069,32.615991,-83.630806
110071,31.768703,-82.348116
110073,31.697967,-83.25959
110074,33.960837,-83.399558
110075,32.414459,-81.770269
110076,33.771013,-84.29873
110078,33.769292,-84.385541
110079,33.751682,-84.381986
110082,33.858539,-84.357992
110083,33.810004,-84.395837
110086,32.995811,-82.804018
110087,33.962983,-84.017422
110089,31.51069,-82.86399
110091,33.677275,-84.011354
110092,32.185378,-83.177767
110095,31.471331,-83.49056
110100,33.009745,-82.405563
110104,31.974304,-83.782778
110105,31.178165,-83.782874
110107,32.834028,-83.636291
110109,32.592449,-82.347566
110111,33.477636,-82.505887
110113,33.090507,-82.014654
110115,33.767225,-84.373265
110121,30.863579,-84.199431
110122,30.862261,-83.286297
110124,31.599139,-81.889769
110125,32.529716,-82.954065
110128,32.217728,-82.408748
110129,32.50553,-84.960312
110132,30.906693,-84.57325
110135,32.297272,-83.484789
110142,32.166126,-81.898646
110143,33.82172,-84.617399
110146,30.781281,-81.612891
110150,33.082404,-83.241461
110153,32.459361,-83.709577
110161,33.769805,-84.414581
110164,32.847158,-83.619236
110165,33.57157,-84.413698
110168,34.277161,-85.195606
110177,33.486042,-82.094175
110184,33.739359,-84.731033
110187,34.522839,-83.975572
110189,34.866086,-84.324694
110191,33.506197,-84.229964
110192,33.877405,-84.021042
110194,31.050944,-84.881667
110198,34.060988,-84.31928
110200,32.53544,-84.949878
110201,32.871228,-83.694396
110209,31.178165,-83.782874
110215,33.4529,-84.508692
110225,33.31741,-83.684954
110226,33.712569,-84.105998
110229,33.374274,-84.799547
110230,34.066955,-84.176168
110233,33.385188,-84.758015
110236,34.946413,-85.264029
120001,21.40572,-157.789396
120002,20.884889,-156.489451
120004,21.498974,-158.026313
120005,19.716979,-155.117928
120006,21.38168,-157.756147
120007,21.40572,-157.789396
120011,21.40572,-157.789396
120014,21.985381,-159.36407
120019,19.52023,-155.918573
120022,21.40572,-157.789396
120026,21.38683,-157.92318
120028,20.022502,-155.664224
130002,42.591716,-114.505508
130003,46.395817,-117.005803
130006,43.945777,-115.884627
130007,43.945777,-115.884627
130013,43.597689,-116.518604
130014,43.6591,-116.680967
130018,43.470029,-111.991583
130025,43.825728,-111.769771
130028,42.873909,-112.418893
130049,47.696175,-116.795079
130063,43.945777,-115.884627
130065,43.474221,-111.987802
130066,47.715423,-116.92451
140001,40.552441,-90.039421
140002,38.90482,-90.152262
140007,41.530814,-88.10341
140008,41.910322,-87.842425
140010,42.065798,-87.684599
140011,37.801437,-89.026772
140012,41.843912,-89.481395
140013,40.753166,-89.597824
140015,39.929213,-91.389928
140018,41.87897,-87.66063
140019,39.405734,-88.808282
140029,41.729888,-88.269986
140030,42.070055,-88.331172
140032,39.125817,-88.551162
140034,38.530183,-89.118095
140040,40.955757,-90.365324
140043,41.80263,-89.697907
140046,38.297295,-88.938982
140048,41.726899,-87.567386
140049,41.891254,-87.776079
140052,38.908222,-90.172234
140053,39.805761,-89.645188
140054,41.832165,-87.791571
140058,39.746327,-90.260226
140059,39.110368,-90.343071
140062,41.669158,-87.813466
140063,41.878735,-87.803228
140064,40.95008,-90.374359
140065,41.796501,-87.886245
140067,40.702279,-89.590661
140068,41.692303,-87.624905
140077,38.571497,-90.110858
140080,42.024543,-87.684837
140082,41.967078,-87.649611
140083,41.872122,-87.763649
140084,42.37819,-87.832361
140088,41.87897,-87.66063
140089,40.445859,-90.664325
140091,40.117865,-88.213902
140093,40.13767,-87.624019
140095,41.855128,-87.697835
140100,42.447899,-87.827697
140101,41.369892,-88.427094
140103,41.778534,-87.633612
140110,41.357146,-88.824222
140113,40.099844,-88.195524
140114,41.975349,-87.698629
140115,41.95463,-87.651957
140116,42.335477,-88.30308
140117,41.987502,-87.813097
140118,41.65905,-87.680697
140119,41.873811,-87.669807
140120,40.574184,-89.627029
140122,41.805724,-87.921525
140124,41.873535,-87.674299
140125,38.699917,-90.143187
140127,40.497184,-88.990878
140130,42.255127,-87.862989
140133,41.768908,-87.692111
140135,39.867275,-88.960933
140137,38.903012,-89.409966
140143,41.328584,-89.192431
140145,38.624998,-89.521323
140147,38.708892,-88.086407
140148,39.856714,-89.696334
140150,41.869677,-87.67037
140155,41.120789,-87.871867
140158,41.846739,-87.62133
140160,42.295075,-89.63944
140161,40.871049,-88.677674
140162,40.477162,-88.95616
140164,37.721036,-89.22239
140166,39.827322,-88.930684
140167,40.774819,-87.728783
140172,41.52208,-87.711348
140174,41.786245,-88.324746
140176,42.276043,-88.4001
140177,41.757632,-87.58517
140179,41.721481,-87.692942
140180,41.902508,-87.683355
140181,41.74944,-87.569441
140182,41.93678,-87.6509
140184,38.650643,-88.918966
140185,38.550201,-90.021457
140186,41.1256,-87.882996
140187,38.613223,-89.873733
140189,39.476576,-88.415066
140191,41.612053,-87.651829
140197,41.973117,-87.670783
140200,41.899671,-87.942771
140202,42.274496,-87.957664
140206,41.900817,-87.699963
140208,41.720923,-87.732664
140209,40.760334,-89.615639
140210,37.731504,-88.541127
140211,41.88616,-88.344034
140213,41.544458,-87.983237
140217,42.035389,-88.327167
140223,42.038118,-87.84861
140224,41.934975,-87.637711
140228,42.265531,-89.074218
140231,41.754048,-88.149814
140233,42.274911,-89.00751
140234,41.329311,-89.124792
140239,42.297887,-89.099212
140240,41.902807,-87.856782
140242,41.872805,-88.157003
140250,41.57411,-87.692732
140251,41.945356,-87.767767
140252,42.068001,-87.992547
140258,42.00567,-87.96668
140275,41.493072,-90.418007
140276,41.879552,-87.843865
140280,41.506518,-90.576036
140281,41.894572,-87.620899
140286,41.931991,-88.752609
140288,41.819615,-88.007789
140289,38.73004,-89.958294
140290,42.067188,-88.144654
140291,42.15436,-88.129967
140292,41.92047,-88.089805
140294,38.311988,-88.934987
140300,41.802228,-87.608036
140304,41.680831,-88.084105
140307,38.573696,-89.905218
150001,39.479314,-86.076677
150002,41.600377,-87.357671
150004,41.644733,-87.517181
150005,39.708117,-86.388723
150006,41.61069,-86.725084
150007,40.447067,-86.124169
150008,41.634687,-87.4478
150009,38.283569,-85.749469
150010,40.487703,-86.169399
150011,40.568932,-85.66914
150012,41.706376,-86.174296
150015,41.706328,-86.901046
150017,41.038822,-85.249003
150018,41.678434,-85.993098
150021,41.113201,-85.128679
150022,40.065999,-86.905568
150023,39.467566,-87.383705
150024,39.777883,-86.184113
150026,41.563442,-85.830674
150030,39.918674,-85.369178
150034,41.513233,-87.26454
150035,41.479326,-87.053553
150037,39.795203,-85.768202
150042,38.673186,-87.533731
150044,38.300299,-85.833733
150045,41.369028,-85.035716
150046,39.467566,-87.383705
150047,41.078329,-85.148881
150048,39.862657,-84.880012
150051,39.207854,-86.520118
150056,39.790268,-86.163482
150057,39.607925,-86.356563
150058,41.684048,-86.251823
150059,40.045273,-86.023028
150061,38.756001,-87.4134
150064,39.656518,-85.132121
150065,38.956097,-85.892044
150069,38.779009,-85.382885
150072,40.763052,-86.362214
150074,39.787082,-86.075605
150075,40.737325,-85.170289
150076,41.3358,-86.32914
150082,37.982608,-87.570169
150084,39.907997,-86.196077
150086,39.11103,-84.883417
150088,40.095667,-85.681292
150089,40.196667,-85.415272
150090,41.492726,-87.524201
150091,40.905583,-85.489558
150097,39.560549,-85.7853
150100,37.96319,-87.502919
150101,41.160364,-85.486013
150102,41.286976,-86.621889
150104,40.077247,-86.472714
150109,40.394018,-86.836029
150112,39.217906,-85.895824
150113,40.130385,-85.69332
150115,38.395006,-86.941059
150125,41.550671,-87.506213
150126,41.395731,-87.366945
150128,39.636547,-86.073842
150133,41.235423,-85.84709
150146,41.448423,-85.296115
150150,41.175139,-85.109481
150153,39.770586,-86.157967
150157,39.982123,-86.145525
150158,39.761508,-86.387185
150160,39.908362,-86.267552
150161,39.958057,-86.159082
150162,39.648434,-86.080089
150165,41.537726,-87.51231
150166,41.414335,-87.332467
150167,41.113201,-85.128679
150168,41.03981,-85.249493
150169,39.900662,-86.041683
150172,38.340494,-85.827981
150173,40.400479,-86.806612
150175,37.947983,-87.407157
150176,38.33317,-85.752547
150177,41.703543,-86.178342
150179,39.903149,-86.040024
150181,39.989416,-85.915999
150182,39.966859,-86.158831
150183,39.207854,-86.520118
160001,42.048679,-92.904851
160005,42.056386,-94.866115
160008,40.407197,-91.387416
160013,41.452144,-91.087911
160016,42.491483,-94.192896
160024,41.601569,-93.609559
160028,41.267853,-95.839349
160029,41.663565,-91.528322
160030,42.032046,-93.610739
160032,41.702484,-93.051145
160033,41.543353,-90.555829
160040,42.522184,-92.464026
160045,41.985234,-91.660528
160047,41.268051,-95.835684
160057,40.808935,-91.173579
160058,41.659932,-91.548101
160064,43.153757,-93.208197
160067,42.49261,-92.354009
160069,42.492806,-90.674387
160079,41.978069,-91.655781
160080,41.861706,-90.189826
160082,41.588997,-93.633645
160083,41.5994,-93.623834
160089,41.017593,-92.415425
160101,41.616499,-93.642318
160104,41.565814,-90.519692
160110,42.49261,-92.354009
160112,43.149714,-95.142959
160117,42.496323,-90.685765
160122,40.622059,-91.354936
160124,43.417237,-95.126208
160146,42.519739,-96.405885
160147,41.744323,-92.724701
160153,42.496837,-96.400933
170006,37.41431,-94.695585
170009,39.282141,-94.905821
170012,38.83292,-97.610288
170013,38.879895,-99.296596
170014,38.596605,-95.267349
170016,39.056187,-95.696102
170017,37.823034,-96.861266
170020,38.077703,-97.892133
170023,37.979561,-100.857615
170027,37.642276,-98.729405
170039,37.278129,-97.392565
170040,39.106542,-94.731462
170049,38.85248,-94.822826
170058,37.806688,-94.711187
170068,37.056272,-100.926435
170074,39.013807,-96.851013
170075,38.205309,-97.516834
170086,39.052619,-95.696362
170094,38.202544,-95.736878
170103,38.024336,-97.331882
170104,38.985245,-95.806018
170105,38.378652,-97.671283
170109,38.572875,-94.859993
170120,37.336645,-95.272691
170122,37.687692,-97.339044
170123,37.695863,-97.29726
170133,39.30772,-94.918534
170137,38.978941,-95.248349
170142,39.201274,-96.599241
170145,37.041103,-95.666997
170146,39.126523,-94.786621
170150,37.132989,-97.038758
170166,37.002723,-101.89421
170175,37.785863,-100.016164
170176,38.937724,-94.726329
170182,38.910705,-94.651997
170183,37.733141,-97.225173
170185,38.904191,-94.669462
170186,37.7505,-97.227553
170187,38.83384,-97.608544
170188,38.892115,-94.626238
170190,39.202792,-96.599008
170191,38.35621,-98.790713
170194,38.892115,-94.626238
170196,37.743701,-97.227625
170197,37.724454,-97.147355
170198,38.080187,-97.888607
170199,38.924355,-94.769098
170200,37.687692,-97.339044
170201,38.896301,-94.669197
170203,37.075151,-94.624476
180001,39.079394,-84.452131
180002,37.116843,-82.825449
180004,37.198088,-87.196074
180005,37.670234,-82.766731
180009,38.460765,-82.645575
180010,38.050015,-84.500021
180011,37.126921,-84.081397
180012,37.709966,-85.876618
180013,36.995671,-86.430239
180016,38.209348,-85.235726
180017,37.016963,-85.906513
180018,38.180596,-83.441928
180019,38.640133,-83.808768
180020,37.403264,-87.757473
180021,36.763161,-83.708204
180024,37.569027,-85.255596
180025,37.819818,-85.461123
180027,36.608598,-88.311198
180029,37.248583,-83.191752
180035,39.013162,-84.559573
180036,38.460765,-82.645575
180038,37.778892,-87.063279
180040,38.249177,-85.751251
180043,37.149671,-83.767647
180044,37.470135,-82.521724
180045,39.016717,-84.630876
180046,38.221827,-84.238933
180048,37.637915,-84.770183
180049,37.731171,-84.292172
180050,36.852461,-83.222829
180051,36.860936,-87.495722
180053,38.423947,-83.732346
180056,37.855113,-87.582592
180064,38.077087,-83.945686
180066,36.840441,-86.891658
180067,38.050015,-84.500021
180069,37.676719,-82.296626
180070,37.477314,-86.285642
180078,37.815452,-82.812798
180079,38.391646,-84.292966
180080,36.940324,-84.104856
180087,37.344811,-85.344342
180088,38.247846,-85.750806
180092,37.99598,-84.180147
180093,37.325879,-87.503331
180095,37.328853,-88.085048
180101,38.186506,-84.560553
180102,37.050573,-88.647289
180103,38.050015,-84.500021
180104,37.073453,-88.626812
180105,36.70049,-85.679072
180106,36.698085,-85.145327
180115,37.357357,-84.335281
180116,36.758802,-88.651344
180124,36.964794,-86.436542
180127,38.159958,-84.906112
180128,38.092286,-82.605123
180130,38.141177,-85.776881
180132,37.08609,-84.619422
180138,38.394922,-85.376533
180139,37.424688,-84.009743
180141,38.249118,-85.745338
180143,38.050015,-84.500021
190002,30.211987,-92.031897
190004,29.780473,-90.805342
190005,29.960736,-90.080904
190006,30.211987,-92.031897
190007,31.75252,-93.078178
190008,29.584505,-90.690407
190011,32.450491,-92.106517
190013,30.232256,-93.362302
190014,29.708761,-91.201084
190015,30.465504,-90.460645
190017,30.525943,-92.085363
190019,31.282646,-92.461596
190020,30.649023,-91.137786
190025,30.641951,-92.417031
190026,31.293901,-92.421966
190027,30.203629,-93.213418
190034,29.973494,-92.108229
190036,29.964114,-90.13052
190039,29.892037,-90.094817
190040,30.283886,-89.770375
190041,32.467848,-93.764207
190044,30.226381,-92.363392
190045,30.472829,-90.108196
190046,29.925653,-90.092288
190050,30.841752,-93.287918
190053,30.239615,-92.662232
190054,29.990055,-91.785836
190060,30.204364,-93.198142
190064,30.403484,-91.106906
190065,30.449016,-91.15332
190079,29.924157,-90.371117
190081,32.868467,-91.382053
190086,32.517232,-92.633345
190088,33.002603,-93.461881
190090,31.924393,-92.646195
190098,32.481376,-93.762535
190099,31.143426,-92.062607
190102,30.15086,-92.036338
190106,30.817314,-92.653423
190111,32.484429,-93.778597
190114,32.794072,-93.061632
190116,32.776385,-91.91261
190118,32.035499,-93.7085
190125,32.499518,-92.114197
190140,32.158629,-91.706385
190144,32.617016,-93.28582
190145,31.688571,-92.124613
190146,30.013646,-90.181387
190151,32.463194,-91.748818
190160,32.513384,-92.156244
190164,31.139089,-93.269416
190167,30.689241,-92.281177
190176,29.955466,-90.076023
190177,30.472829,-90.108196
190183,29.584505,-90.690407
190184,35.275989,-86.919833
190190,32.103768,-92.075968
190201,30.181198,-93.250785
190202,30.46297,-91.14273
190204,30.287199,-89.742434
190208,32.807981,-91.171852
190218,31.560891,-93.471897
190236,32.55844,-93.718866
190241,29.584505,-90.690407
190242,30.209974,-90.931909
190245,32.535766,-92.101245
190246,32.513363,-92.095162
190250,30.32044,-89.925865
190251,30.46297,-91.14273
190255,30.149394,-92.036392
190256,30.300464,-89.754112
190259,30.175497,-92.027009
190263,30.173087,-92.026704
190266,30.46297,-91.14273
190267,30.472829,-90.108196
190268,30.204217,-92.014582
190270,30.323121,-89.80714
190274,30.02451,-90.270813
190278,32.435465,-93.74598
190297,31.142425,-93.269644
190298,31.313919,-92.467903
190303,30.476984,-90.412976
190308,29.952029,-89.975234
190312,30.778741,-89.869274
190313,30.028798,-89.975525
200001,44.814387,-68.772082
200008,43.651112,-70.264668
200009,43.652447,-70.275543
200018,46.686435,-67.987374
200019,43.477397,-70.490736
200020,43.142586,-70.651677
200021,43.906327,-69.890184
200024,44.101744,-70.214517
200031,46.879587,-68.00832
200033,44.82774,-68.798952
200034,44.101702,-70.199373
200037,44.626506,-70.162933
200039,44.362139,-69.781409
200041,44.541028,-69.662426
200050,44.546355,-68.416474
200052,47.265589,-68.591866
200063,44.172595,-69.107263
210001,39.644106,-77.722476
210002,39.28765,-76.624818
210003,38.931699,-76.921495
210004,38.986203,-77.026143
210005,39.422626,-77.414815
210006,39.542973,-76.090882
210008,39.292995,-76.613066
210009,39.296885,-76.592431
210011,39.319732,-76.649533
210012,39.353871,-76.66205
210013,39.288334,-76.649114
210015,39.319732,-76.649533
210016,38.98427,-77.000403
210017,39.410718,-79.400646
210018,39.153871,-77.054222
210019,38.369301,-75.594347
210022,38.997354,-77.110393
210023,38.994757,-76.534859
210024,39.329872,-76.614409
210027,39.655949,-78.731113
210028,38.301968,-76.63827
210029,39.291253,-76.548271
210030,39.217324,-76.065017
210032,39.609324,-75.831956
210033,39.587426,-77.013088
210034,39.252505,-76.614299
210035,38.529274,-76.97218
210037,38.769701,-76.07697
210038,39.299376,-76.620436
210039,38.559803,-76.594993
210040,39.367148,-76.762113
210043,39.138217,-76.622924
210044,39.311794,-76.616603
210045,37.997332,-75.852639
210048,39.214293,-76.885867
210049,39.518648,-76.346385
210051,38.961955,-76.841734
210055,39.088039,-76.877693
210056,39.358162,-76.587009
210057,39.080026,-77.158493
210058,39.314451,-76.709032
210060,38.727973,-76.991981
210061,38.338756,-75.211279
210062,38.749214,-76.876582
210063,39.388001,-76.607021
210064,39.354479,-76.665098
210065,39.181962,-77.242951
220001,42.54012,-71.762671
220002,42.373903,-71.134238
220008,41.942082,-71.274935
220010,42.709068,-71.149021
220011,42.374745,-71.104326
220012,41.652839,-70.274608
220015,42.329918,-72.652867
220016,42.595901,-72.592292
220017,42.27803,-71.06605
220019,42.078547,-72.042026
220020,41.692047,-71.163038
220024,42.20033,-72.627474
220029,42.814386,-70.89108
220030,42.169714,-72.341729
220031,42.355492,-71.048611
220033,42.563918,-70.875463
220035,42.511075,-70.906659
220036,42.349574,-71.147979
220046,42.45962,-73.249729
220049,42.355313,-71.554734
220052,42.084895,-71.025172
220058,42.427395,-71.692472
220060,41.942999,-70.645283
220062,42.27639,-71.795008
220063,42.647473,-71.341759
220065,42.118034,-72.75976
220066,42.115286,-72.593682
220070,42.460231,-71.061109
220071,42.363231,-71.068684
220073,41.905949,-71.094967
220074,41.709548,-71.146028
220075,42.362767,-71.070091
220077,42.121403,-72.602672
220080,42.727787,-71.168394
220083,42.277184,-71.236653
220084,42.455103,-71.403133
220086,42.33982,-71.10568
220088,42.32974,-71.10673
220090,42.133196,-71.528696
220095,42.586374,-71.987087
220098,42.577511,-71.57399
220100,42.175733,-70.954207
220101,42.330768,-71.245769
220105,42.465983,-71.122786
220108,42.251539,-71.077646
220110,42.336117,-71.107481
220111,42.097105,-71.061122
220116,42.2835,-71.07123
220119,42.301407,-71.128081
220126,42.188588,-71.202061
220135,41.599015,-70.592979
220163,42.277574,-71.761672
220171,42.504683,-71.199768
220175,42.284341,-71.418606
220176,42.264658,-71.797
220177,41.275288,-70.100851
230002,42.397179,-83.373299
230003,42.821589,-85.987398
230005,41.913987,-84.049218
230013,42.633212,-83.308108
230015,41.935358,-85.647933
230017,42.285885,-85.581522
230019,42.473726,-83.267783
230020,42.290099,-83.214158
230021,42.088489,-86.47852
230022,41.937829,-84.989016
230024,42.418951,-83.182367
230029,42.614428,-83.27749
230030,43.391752,-84.66182
230031,42.957019,-82.438651
230035,43.174544,-85.268862
230036,45.077741,-83.449591
230037,41.911322,-84.632993
230038,42.970158,-85.665384
230040,42.644975,-85.302213
230041,43.591539,-83.893566
230046,42.284619,-83.729449
230047,42.591223,-82.936591
230053,42.32932,-83.093731
230054,46.548373,-87.3951
230055,45.809849,-88.044686
230058,44.668205,-84.706509
230059,42.958833,-85.662829
230066,43.221806,-86.241742
230069,42.615404,-83.941414
230070,43.418444,-83.950323
230071,42.473726,-83.267783
230072,42.774836,-86.114089
230075,42.331339,-85.177866
230077,43.418444,-83.950323
230078,42.190285,-86.25877
230080,43.598562,-84.760975
230081,44.245867,-85.389695
230085,42.402489,-86.272026
230089,42.391156,-82.912124
230092,42.251729,-84.393347
230093,43.694325,-85.474361
230095,44.263386,-84.243323
230096,41.79516,-85.408103
230097,44.760836,-85.642655
230099,41.925558,-83.386641
230100,44.267168,-83.522937
230104,42.373976,-83.073041
230105,45.372967,-84.971029
230108,47.139672,-88.58636
230110,43.956257,-86.442522
230117,42.30909,-85.5597
230118,43.801446,-82.9983
230121,43.004973,-84.177656
230130,42.505444,-83.146054
230132,43.022625,-83.704389
230133,45.035446,-84.675838
230141,43.014628,-83.732924
230142,42.277469,-83.387737
230144,42.238094,-83.600779
230146,42.186925,-83.158913
230151,42.446617,-83.323919
230156,42.267579,-83.689153
230165,42.427464,-82.935265
230167,42.704222,-84.554654
230174,43.050838,-86.229148
230176,42.117015,-83.21337
230180,43.987854,-84.847845
230193,43.064048,-83.319365
230195,42.514226,-83.027928
230197,42.894035,-83.63592
230207,42.638536,-83.290709
230208,43.175975,-84.84158
230216,42.986872,-82.429792
230217,42.271887,-84.955775
230222,43.630338,-84.234103
230227,42.587457,-82.896518
230230,42.734254,-84.535767
230236,42.857841,-85.717765
230239,46.497699,-84.35169
230241,42.755941,-82.488851
230244,42.332281,-83.314619
230254,42.682002,-83.138071
230259,42.310439,-84.016569
230269,42.618246,-83.093743
230270,42.235187,-83.276516
230273,42.398649,-83.164515
230275,43.454812,-84.050137
230277,43.924812,-84.633107
230279,42.518971,-83.695434
230297,42.35284,-83.056714
230301,42.457608,-83.203368
230302,42.537364,-83.405636
230303,44.270803,-86.274143
240001,45.030497,-93.330858
240002,46.798678,-92.122042
240004,44.972096,-93.262403
240006,44.023496,-92.471803
240010,44.023496,-92.471803
240014,44.473789,-93.191887
240018,44.55963,-92.572903
240019,46.798678,-92.122042
240020,45.564546,-93.224997
240022,43.624801,-95.602125
240030,45.874335,-95.376367
240036,45.576508,-94.170906
240038,44.943954,-93.105659
240040,47.409915,-92.930612
240043,43.651444,-93.378672
240044,44.033363,-91.62348
240047,46.797662,-92.086462
240052,46.285122,-96.077509
240053,44.92991,-93.363185
240056,44.842225,-93.79282
240057,44.954084,-93.261563
240059,44.747197,-92.873439
240063,44.948558,-93.100722
240064,47.22256,-93.555008
240066,45.053994,-92.818155
240069,44.11197,-93.25131
240071,44.288676,-93.257489
240075,46.361208,-94.205185
240076,45.193199,-93.871523
240078,44.886288,-93.326866
240080,44.96628,-93.236956
240084,47.531237,-92.548815
240088,45.120334,-95.046292
240093,44.163633,-93.98404
240100,47.503342,-94.898001
240101,46.817909,-95.845309
240104,44.778989,-93.476274
240106,44.955163,-93.095873
240115,45.149107,-93.28735
240132,45.086165,-93.257217
240141,45.558202,-93.589655
240166,43.6496,-94.467013
240187,45.99339,104.159557
240207,44.752248,-93.266166
240210,45.028096,-93.058643
240213,44.921355,-92.976628
240214,45.132579,-93.480945
250001,32.328994,-90.171761
250002,34.802014,-88.208568
250004,34.259603,-88.720873
250006,34.492922,-89.024569
250007,30.396097,-88.889584
250009,34.935317,-88.56064
250012,34.787099,-89.416646
250019,30.36794,-89.115767
250020,33.539831,-89.278235
250025,33.975778,-88.477584
250027,33.12318,-89.035482
250031,32.316767,-90.874753
250034,34.34716,-89.515239
250036,30.924147,-88.592897
250038,32.595878,-90.023601
250040,30.357622,-88.57362
250042,34.196195,-90.551446
250043,32.756904,-89.106704
250044,34.657303,-88.565767
250048,32.332265,-90.165141
250049,31.145887,-90.459677
250050,33.462524,-88.830563
250057,31.578877,-90.442453
250058,31.695144,-89.139761
250060,31.711043,-91.062272
250061,34.131392,-89.64324
250067,33.620566,-88.662553
250069,32.36964,-88.696551
250072,32.287567,-90.255799
250077,31.673483,-88.6342
250078,31.302297,-89.309991
250079,32.906245,-90.877152
250082,33.410809,-91.034941
250084,31.551649,-91.388701
250085,31.25623,-89.805943
250093,33.747564,-90.720905
250094,31.302297,-89.309991
250095,33.457629,-90.649156
250096,32.285954,-90.034707
250097,31.243547,-90.463906
250099,33.51763,-90.200618
250100,33.503548,-88.409056
250102,32.316443,-90.17924
250104,32.372662,-88.699813
250117,30.549857,-89.665186
250123,30.443993,-89.093299
250124,31.871076,-89.729154
250126,34.624472,-89.956264
250128,34.306351,-89.91473
250134,16.73717,-62.188252
250138,32.32579,-90.105271
250141,34.968861,-89.996969
250151,32.409178,-88.675889
250162,30.316869,-89.354044
250167,34.922507,-89.792065
250168,33.762499,-89.817888
260001,37.034662,-94.511932
260004,38.967141,-92.749313
260005,38.797058,-90.507027
260006,39.772295,-94.770566
260009,38.699067,-93.220801
260011,38.558395,-92.221517
260015,37.158097,-94.30917
260017,37.951503,-91.778969
260020,38.635957,-90.239861
260022,40.193023,-92.589353
260023,38.219962,-90.403205
260024,37.313314,-91.960133
260025,39.710558,-91.450201
260027,39.008595,-94.558641
260032,38.635891,-90.264506
260034,38.248872,-94.343556
260040,37.145772,-93.279129
260047,38.566857,-92.180837
260048,39.084308,-94.575138
260050,40.325776,-94.875527
260052,39.439125,-94.200131
260057,39.745605,-94.233067
260059,37.681101,-92.63231
260061,37.830479,-94.361317
260062,39.051003,-94.541461
260064,39.167293,-91.881194
260065,37.19736,-93.281942
260068,38.949776,-92.315807
260070,36.233531,-89.749281
260074,39.424014,-92.424093
260077,38.635957,-90.239861
260078,36.73845,-91.875101
260080,36.620778,-90.82309
260081,38.536683,-90.454759
260085,38.935669,-94.603767
260091,38.633271,-90.310875
260094,36.650304,-93.22151
260095,39.084973,-94.365856
260096,39.137778,-94.56708
260097,38.765852,-93.722598
260102,38.97201,-94.387933
260104,38.750642,-90.433273
260105,38.622971,-90.239046
260108,38.624783,-90.471964
260110,37.311252,-89.540453
260113,36.889995,-89.583455
260119,36.788956,-90.448536
260137,37.054594,-94.524288
260138,39.047439,-94.590047
260141,38.945483,-92.32928
260142,39.118024,-93.201257
260160,36.807529,-89.968282
260162,38.676306,-90.467885
260163,37.784585,-90.42016
260175,38.371296,-93.774019
260176,38.635957,-90.239861
260177,39.274774,-94.424015
260179,38.657143,-90.50694
260180,38.635957,-90.239861
260183,37.303581,-89.571252
260186,38.120709,-92.682996
260190,38.90318,-94.36859
260191,38.79415,-90.580275
260193,39.025235,-94.264111
260195,37.608231,-93.420465
260200,38.802169,-90.775378
260210,38.583765,-90.228846
260214,38.815369,-94.50306
260216,38.901136,-94.387539
260219,38.715096,-90.698381
260227,36.740834,-90.393523
270003,46.583066,-111.997418
270004,45.790203,-108.514159
270012,47.491824,-111.259785
270014,46.874883,-114.00043
270017,46.003896,-112.533839
270023,46.84729,-114.048432
270032,48.538412,-109.685559
270049,45.793321,-108.518158
270051,48.214681,-114.323372
270057,45.669843,-111.019937
270074,48.556146,-113.015123
270086,47.487372,-111.254357
270087,48.215459,-114.323413
280003,40.796703,-96.651977
280009,40.708195,-99.0816
280013,41.255186,-95.977506
280020,40.807851,-96.627515
280023,40.926717,-98.372235
280032,40.590554,-98.386578
280040,41.258803,-96.042191
280060,41.240442,-96.030842
280061,41.869517,-103.659272
280065,41.121376,-100.769799
280077,41.453132,-96.492126
280081,41.308269,-96.023761
280105,41.135731,-96.040312
280111,41.455136,-97.385073
280125,42.033742,-97.453765
280127,40.795,-96.62399
280128,40.777761,-96.596508
280129,41.228616,-96.132578
280130,41.237713,-96.180573
280131,41.257841,-96.034392
280132,41.136089,-95.948515
280133,41.308269,-96.023761
280134,40.682493,-99.112601
290001,39.525698,-119.794997
290003,36.162,-115.135177
290005,36.195015,-115.122868
290007,36.160298,-115.168688
290008,40.823362,-115.730383
290009,39.53211,-119.818414
290012,36.034776,-115.054822
290019,39.20194,-119.784725
290021,36.162808,-115.167328
290022,36.190364,-115.279104
290032,39.541234,-119.74797
290039,36.216661,-115.250021
290041,36.190364,-115.279104
290045,36.004581,-115.115191
290046,36.190364,-115.279104
290047,36.190364,-115.279104
290049,39.435696,-119.760652
290053,36.190364,-115.279104
290054,36.286476,-115.2864
290057,36.07267,-115.030631
300001,43.197337,-71.562125
300003,43.675609,-72.272523
300005,43.528324,-71.462449
300011,42.749149,-71.480558
300012,42.984034,-71.437728
300014,43.297638,-70.958752
300017,42.876823,-71.316613
300018,43.213332,-70.874219
300019,42.948342,-72.292203
300020,42.756442,-71.461965
300023,42.982822,-70.935327
300029,43.064913,-70.789529
300034,42.990589,-71.472856
310001,40.883415,-74.055652
310002,40.710359,-74.214057
310003,40.794174,-73.995532
310005,40.508425,-74.860293
310006,40.859426,-74.137872
310008,40.883055,-74.008415
310009,40.79371,-74.15014
310010,40.335721,-74.587183
310011,39.079774,-74.817314
310012,40.983206,-74.101664
310014,39.941479,-75.116798
310015,40.789037,-74.465135
310016,40.734432,-74.050265
310017,40.990476,-74.283416
310019,40.902116,-74.166271
310021,40.217175,-74.741925
310022,39.852797,-74.941996
310024,40.612266,-74.29112
310025,40.666524,-74.110322
310027,40.658838,-74.214437
310028,41.058488,-74.766822
310029,39.927231,-75.095992
310031,39.976912,-74.585848
310032,39.447336,-75.05726
310034,40.353331,-74.063613
310038,40.489547,-74.448314
310039,40.518901,-74.281074
310040,40.741111,-74.03372
310041,39.989233,-74.18683
310044,40.326633,-74.790626
310045,40.903625,-73.967766
310047,39.314694,-74.59384
310048,40.569097,-74.595468
310050,40.895421,-74.465341
310051,40.7123,-74.35456
310052,40.078246,-74.129818
310054,40.826024,-74.211477
310057,39.995822,-74.786171
310058,40.955722,-74.062897
310060,40.701737,-75.179573
310061,40.048567,-74.882088
310064,39.358468,-74.434362
310069,39.591914,-75.174016
310070,40.498238,-74.449845
310073,40.214177,-74.065103
310074,40.716631,-74.050721
310075,40.295643,-73.985183
310076,40.767496,-74.300728
310081,39.843583,-75.1492
310083,40.754196,-74.21371
310084,40.075085,-74.217337
310086,39.82624,-75.018876
310091,39.566565,-75.472777
310092,40.220327,-74.752724
310096,40.743102,-74.174323
310108,40.557758,-74.349532
310110,40.22569,-74.654083
310111,40.239959,-74.30967
310112,40.382821,-74.177155
310113,39.694034,-74.24974
310115,40.860361,-74.815376
310118,40.791239,-74.073741
310119,40.743355,-74.15258
310130,40.983938,-74.015121
320001,35.088378,-106.615899
320002,35.681375,-105.945888
320003,35.623383,-105.21079
320004,32.924193,-105.934243
320005,36.723888,-108.217297
320006,33.424424,-104.528272
320009,35.128683,-106.579128
320011,35.996981,-106.087593
320013,36.368276,-105.576779
320016,32.79672,-108.261335
320017,35.131854,-106.590913
320018,32.291469,-106.736871
320021,35.080454,-106.634775
320022,34.420642,-103.233431
320030,32.848502,-104.410054
320033,35.881838,-106.319447
320038,35.506515,-108.726527
320059,36.792941,-108.700574
320061,35.507607,-108.729811
320062,35.687153,-108.148776
320063,32.441942,-104.258544
320065,32.761802,-103.185738
320067,34.929321,-104.693307
320074,35.20762,-106.677232
320084,34.183012,-103.339598
320085,32.323686,-106.72872
320086,33.415959,-104.520733
320089,35.304719,-106.670651
330003,42.674164,-73.748683
330004,41.926959,-73.995647
330005,42.874741,-78.849655
330006,40.929289,-73.897654
330008,42.753446,-78.132347
330009,40.831649,-73.903533
330011,42.091776,-75.936273
330013,42.65756,-73.789994
330014,40.70009,-73.795405
330019,40.613941,-73.948469
330023,41.693794,-73.935606
330024,40.68295,-73.9708
330027,40.726411,-73.553342
330028,40.635546,-74.106477
330030,43.060496,-77.100936
330033,42.541205,-75.525911
330043,40.725747,-73.241416
330044,43.098728,-75.213889
330045,40.879419,-73.416036
330046,40.68295,-73.9708
330047,42.954567,-74.216424
330049,41.93552,-73.912625
330055,40.747458,-73.825774
330056,40.690018,-73.977466
330057,42.657646,-73.803497
330058,42.875579,-76.980282
330059,40.879864,-73.879895
330061,40.939469,-73.826451
330065,43.091703,-79.024991
330073,42.998813,-78.180218
330074,42.876349,-77.289021
330078,42.929435,-78.849391
330079,44.345798,-74.144522
330080,40.817534,-73.924095
330084,44.857247,-74.291565
330085,42.454806,-75.070935
330086,40.918308,-73.84036
330088,41.110406,-72.360986
330090,42.100853,-76.827541
330094,42.245702,-73.778406
330096,42.122453,-77.950791
330101,40.764347,-73.954508
330102,42.969882,-78.878739
330103,42.090206,-78.426697
330104,41.092043,-73.914332
330106,40.777807,-73.701879
330107,40.934213,-72.673588
330108,42.09515,-76.809203
330111,42.511249,-78.658917
330115,43.077687,-75.654124
330119,40.773965,-73.960884
330125,43.191525,-77.585586
330126,41.44599,-74.413613
330127,40.857099,-73.847446
330128,40.744586,-73.886173
330132,40.68295,-73.9708
330135,41.367773,-74.682091
330136,42.700118,-74.929717
330140,43.05768,-76.149613
330141,40.762199,-73.015324
330144,42.336124,-77.31628
330151,42.323765,-77.658788
330153,42.819969,-73.916517
330157,43.964955,-75.914586
330158,41.115587,-74.143957
330160,40.584517,-74.085611
330162,41.209364,-73.729381
330163,43.176478,-78.67118
330164,43.135602,-77.60616
330167,40.746269,-73.638808
330169,40.68295,-73.9708
330175,42.60042,-76.178418
330180,42.733425,-73.672377
330181,40.889505,-73.65199
330182,40.796652,-73.648932
330184,40.912773,-73.787497
330185,40.939248,-73.054384
330188,43.15412,-79.032395
330191,43.312748,-73.652096
330193,40.75559,-73.81188
330194,40.652256,-73.956582
330195,40.731595,-73.686503
330196,40.585591,-73.964933
330197,44.668787,-74.985143
330198,40.631836,-73.635862
330199,40.68295,-73.9708
330201,40.646049,-73.9327
330202,40.65625,-73.944614
330203,43.041413,-76.138305
330204,40.68295,-73.9708
330205,41.334881,-74.359674
330208,40.937296,-73.897171
330211,44.708561,-75.471767
330214,40.68295,-73.9708
330215,43.229236,-75.443911
330218,43.459206,-76.502945
330219,42.92659,-78.833291
330221,40.704559,-73.917578
330222,43.085692,-73.797057
330223,44.935795,-74.907383
330224,41.921992,-73.99896
330226,43.160252,-77.626889
330229,42.48019,-79.334619
330231,40.707092,-73.796939
330232,42.742965,-73.676137
330233,40.654493,-73.912432
330234,41.078321,-73.775416
330235,42.941438,-76.564509
330236,40.652256,-73.956582
330238,42.552502,-77.697716
330239,42.093905,-79.233464
330240,40.814346,-73.940307
330241,43.042278,-76.139068
330245,43.082635,-75.266044
330246,40.946529,-73.06121
330250,44.701003,-73.46926
330259,40.688235,-73.631416
330261,41.094282,-73.872943
330264,41.503411,-74.014494
330265,42.959653,-77.136433
330267,41.292678,-73.892394
330268,42.686686,-74.482058
330270,40.764897,-73.952927
330273,41.385781,-73.664193
330276,43.068112,-74.330838
330277,42.135759,-76.970288
330279,42.848201,-78.812922
330285,43.123499,-77.624344
330286,40.696667,-73.315982
330304,41.014772,-73.755365
330307,42.468876,-76.537329
330331,40.77489,-73.478551
330332,40.751775,-73.485889
330340,40.885049,-72.380295
330350,40.654727,-73.944281
330385,40.853551,-73.874979
330386,41.709253,-74.73732
330393,40.910083,-73.11645
330394,42.086347,-75.914828
330395,40.598667,-73.753137
330396,40.700344,-73.941602
330397,40.678118,-73.937462
330399,40.853551,-73.874979
330401,40.868362,-73.223241
330406,42.820039,-73.909415
340001,35.438102,-80.601727
340002,35.576879,-82.5493
340003,36.515677,-80.613607
340004,35.962021,-80.013565
340008,34.753351,-79.469977
340010,35.398595,-77.952295
340013,35.362427,-81.965648
340014,36.075653,-80.298
340015,35.681664,-80.470743
340016,35.384119,-83.207012
340017,35.319848,-82.468406
340020,35.468565,-79.187046
340021,35.302783,-81.536545
340023,35.316152,-82.465159
340024,35.008446,-78.32383
340027,35.289864,-77.583631
340028,35.032332,-78.933187
340030,35.975835,-78.915629
340032,35.272607,-81.139399
340037,35.241966,-81.356429
340039,35.799416,-80.878048
340040,35.607124,-77.404565
340041,35.911747,-81.532526
340042,34.762902,-77.385821
340047,36.089538,-80.27133
340049,36.042882,-78.896939
340050,34.6369,-79.0116
340051,36.198784,-81.65223
340053,35.212025,-80.824246
340060,36.494689,-79.739609
340061,35.903951,-79.05066
340064,36.159852,-81.158647
340068,34.337776,-78.694229
340069,35.783921,-78.587967
340070,36.061357,-79.502424
340071,35.30716,-78.634742
340073,35.828496,-78.618457
340075,35.726108,-81.654902
340084,34.962838,-80.073951
340085,35.882388,-80.080082
340087,35.684987,-82.000478
340090,35.509896,-78.351514
340091,36.090962,-79.786382
340096,35.805904,-80.287324
340097,36.256535,-80.8447
340098,35.205312,-80.850214
340099,36.285176,-76.994756
340106,34.885927,-79.696668
340107,35.921162,-77.555854
340109,36.323535,-76.218458
340113,35.203976,-80.839086
340114,35.818164,-78.70241
340115,35.205549,-79.456452
340116,35.737311,-81.337954
340119,35.615184,-82.545122
340120,34.961304,-77.963469
340123,35.711825,-79.814594
340126,35.730745,-77.925115
340127,36.312317,-78.590336
340129,35.582987,-80.810815
340130,34.975646,-80.522294
340131,35.114515,-77.066718
340132,36.329077,-78.418699
340133,35.839727,-77.07309
340141,34.207713,-77.921757
340142,34.726133,-76.754985
340143,35.710269,-81.264618
340144,35.784718,-80.885975
340145,35.466568,-81.23839
340147,35.975023,-77.857794
340148,36.078898,-80.295853
340151,36.43202,-77.645632
340155,36.036494,-78.900514
340158,35.20295,-80.836735
340159,36.40868,-78.985324
340166,35.19534,-80.81711
340168,34.194157,-77.929434
340171,35.117496,-80.709293
340173,35.771626,-78.780665
340183,35.406351,-80.860056
340184,35.533231,-82.91081
340186,35.549028,-77.038188
340187,35.899572,-80.571488
340188,34.979237,-79.225832
350002,46.811025,-100.783777
350006,48.231531,-101.286683
350011,46.885072,-96.787236
350015,46.808107,-100.782259
350019,47.910655,-97.068739
350063,48.8416,-99.744713
350070,46.83146,-96.827517
360001,39.14767,-84.543959
360002,40.859116,-82.308936
360003,39.13801,-84.503218
360006,40.03102,-83.0357
360008,38.753566,-82.979492
360009,40.735817,-84.084799
360010,40.514767,-81.455532
360011,40.572099,-83.128769
360012,40.114707,-82.944644
360013,40.286814,-84.171136
360014,39.327306,-82.113891
360016,39.14767,-84.543959
360017,39.960947,-82.990819
360020,41.080833,-81.500885
360025,41.445753,-82.710866
360026,39.699366,-83.928487
360027,41.077841,-81.532888
360029,41.376329,-83.666943
360032,40.544266,-84.37049
360035,39.957363,-83.021375
360036,40.820925,-81.931604
360037,41.49628,-81.674786
360039,39.974842,-82.016362
360040,40.399556,-82.448817
360041,41.381431,-81.731681
360044,40.087998,-84.634851
360046,39.512271,-84.740907
360048,41.618933,-83.617442
360051,39.760983,-84.198952
360052,39.788244,-84.233035
360054,38.827539,-82.206263
360055,41.236322,-80.798544
360056,39.313032,-84.51782
360058,40.47991,-84.639377
360059,41.461049,-81.698204
360064,41.113806,-80.65611
360065,41.224583,-82.601862
360066,40.740427,-84.119185
360068,41.673626,-83.594169
360070,40.812287,-81.396939
360071,40.850759,-84.5802
360072,39.716324,-82.576895
360074,41.708141,-83.690865
360075,41.580394,-81.489076
360076,39.563103,-84.295516
360077,41.483047,-81.705926
360078,41.156709,-81.242581
360079,39.696246,-84.191219
360080,40.096623,-80.730165
360081,41.63388,-83.485286
360082,41.60846,-81.528725
360084,40.803621,-81.37499
360085,39.995599,-83.016966
360086,39.9285,-83.816469
360087,41.486917,-81.706865
360089,41.104459,-83.215991
360090,41.556761,-83.682197
360091,41.137875,-81.838236
360092,40.230984,-83.368534
360095,41.017296,-83.652021
360096,40.621566,-80.586149
360098,41.664441,-81.245112
360107,41.289195,-82.880606
360109,40.261692,-81.842115
360112,41.667849,-83.541383
360118,40.752275,-82.528631
360121,41.473904,-84.55746
360123,41.456651,-81.899491
360125,41.88042,-80.794611
360131,40.90306,-81.10342
360132,39.415205,-84.573661
360133,39.760983,-84.198952
360134,39.139843,-84.522301
360137,41.50698,-81.60525
360141,41.135783,-80.659453
360143,41.419418,-81.603217
360144,41.449665,-81.495369
360145,41.366854,-82.094063
360147,39.43225,-81.464005
360148,40.565325,-81.920805
360150,41.133138,-81.510874
360151,40.787039,-81.525494
360152,39.962049,-83.00221
360153,40.030303,-80.740907
360155,41.369958,-81.832686
360156,41.339531,-83.135741
360159,39.334697,-82.997419
360161,41.229194,-80.776882
360163,39.12097,-84.510619
360170,39.610964,-82.937402
360172,41.439129,-82.237306
360174,40.68116,-82.598012
360175,39.443885,-83.839198
360179,39.153548,-84.461291
360180,41.502665,-81.622131
360185,40.900998,-80.832127
360189,39.89259,-83.453992
360192,41.58156,-81.203515
360197,40.368427,-83.757993
360203,40.039029,-81.58158
360210,40.305608,-83.08932
360211,40.355364,-80.6267
360218,40.04824,-82.451182
360230,41.520072,-81.458436
360234,39.14767,-84.543959
360236,39.080305,-84.146258
360239,39.641321,-84.271383
360245,41.660448,-80.854331
360247,39.98072,-82.985586
360259,41.620253,-83.480571
360261,38.43767,-82.381773
360262,41.673767,-83.563838
360263,40.741452,-84.108154
360266,40.086453,-82.790731
360270,41.28282,-84.339346
360274,39.760983,-84.198952
360276,40.994783,-80.660205
360348,40.101411,-83.148372
360351,41.096976,-81.513553
360352,41.098842,-80.652223
360354,39.358003,-84.367325
360355,39.924887,-83.812827
360359,41.452499,-81.495568
360360,39.732205,-84.063389
360361,38.753295,-82.992676
360362,39.14767,-84.543959
360364,41.448571,-82.018735
360365,40.771427,-82.593855
370001,36.146912,-95.969088
370002,36.438225,-99.40097
370004,36.880618,-94.874781
370006,36.724956,-97.069299
370008,35.224197,-97.297922
370011,35.530662,-97.97615
370013,35.60636,-97.599309
370014,33.994046,-96.394314
370015,35.512884,-97.637726
370016,36.407732,-97.904215
370018,36.74638,-95.921519
370019,35.412907,-99.425902
370020,34.806611,-96.678555
370022,34.634507,-99.326294
370023,34.517342,-97.967196
370025,35.752878,-95.406513
370026,36.393616,-97.870903
370028,35.529186,-97.576792
370029,35.514536,-98.996916
370030,36.796904,-97.290384
370032,35.526776,-97.584635
370034,34.928493,-95.762839
370037,35.478004,-97.523518
370039,36.322725,-95.605333
370041,35.833641,-96.40175
370047,34.170347,-97.132638
370048,33.899332,-94.829314
370049,36.134783,-97.067336
370054,35.036793,-97.950071
370056,34.611104,-98.434011
370057,35.610611,-95.952156
370078,36.145801,-95.999118
370080,36.786907,-98.667984
370083,34.231354,-95.615009
370089,35.915344,-94.941769
370091,36.105819,-95.916194
370093,35.481068,-97.502336
370094,35.467111,-97.390844
370097,34.59241,-98.463089
370099,35.978912,-96.760144
370100,34.008941,-95.518763
370106,35.421263,-97.533785
370112,35.462822,-94.790943
370113,36.581371,-94.758742
370114,36.064531,-95.967251
370138,36.692116,-101.476889
370139,36.285947,-97.305266
370149,35.354526,-96.916842
370153,35.036793,-99.09843
370156,34.719151,-97.214451
370158,35.03516,-97.367864
370166,35.959783,-95.377041
370171,35.915707,-94.970666
370172,34.754149,-95.04311
370173,36.31266,-95.628254
370178,35.812103,-94.629459
370180,34.737967,-96.644969
370183,35.443798,-95.986195
370201,35.405625,-97.509343
370202,36.147995,-95.864586
370203,35.375765,-97.570528
370206,35.614472,-97.583235
370210,36.043197,-95.953361
370211,35.517832,-97.747671
370212,35.393761,-97.602513
370215,35.606824,-97.597321
370216,36.064176,-96.003818
370218,36.033261,-95.856654
370220,35.393761,-97.602513
370222,35.588209,-97.511672
370227,36.298576,-95.843622
370228,36.312854,-95.851411
370229,35.246566,-96.704156
370234,35.389926,-97.427029
370235,36.042978,-95.803165
370236,35.643907,-97.418782
370237,36.653343,-95.156405
380001,45.587273,-121.163751
380002,42.421336,-123.343092
380004,45.516718,-122.732574
380005,42.205928,-122.724956
380007,45.543275,-122.670091
380009,45.501118,-122.685261
380014,44.602184,-123.253134
380017,45.533467,-122.650095
380018,42.317271,-122.830516
380020,44.053149,-123.0033
380021,45.519387,-122.978227
380022,44.632065,-123.115718
380025,45.517158,-122.407496
380027,43.241035,-123.366442
380029,45.004331,-122.790034
380033,44.045972,-123.081711
380037,45.308139,-122.935332
380038,45.356774,-122.587578
380040,44.26313,-121.18053
380047,44.067825,-121.270311
380050,42.252963,-121.785113
380051,44.93267,-123.034242
380052,44.025318,-116.977118
380056,44.805306,-122.785214
380060,45.512765,-122.558417
380061,45.528052,-122.612101
380071,45.200599,-123.164739
380075,42.339702,-122.862983
380082,45.449449,-122.627552
380089,45.379075,-122.740826
380090,43.383119,-124.23269
380091,45.431395,-122.56059
380102,44.081399,-123.02674
380103,45.539501,-122.876298
390001,41.400205,-75.644988
390002,31.592756,-84.18452
390003,41.000929,-76.44954
390004,40.24365,-76.920961
390006,40.962461,-76.613458
390008,40.869862,-80.2756
390009,42.111605,-80.079238
390012,40.23996,-75.281205
390013,40.964825,-76.887107
390016,41.014009,-80.353934
390025,39.987156,-75.175417
390026,40.079479,-75.21195
390027,40.005289,-75.150728
390028,40.43603,-79.985387
390030,40.683683,-76.188699
390031,40.691028,-76.188647
390032,40.619097,-79.736628
390035,40.438566,-75.349077
390036,40.683361,-80.351778
390037,40.543082,-80.178068
390039,40.007002,-79.077856
390041,39.901408,-79.739006
390042,40.183615,-80.246588
390043,41.747818,-77.302471
390044,40.345762,-75.924229
390045,41.247376,-77.015579
390046,39.94599,-76.718727
390048,40.600295,-77.570406
390049,-1.448755,-48.487867
390050,40.45717,-80.003317
390052,41.033367,-78.449503
390056,40.493764,-78.012157
390057,40.361981,-75.32829
390058,40.19852,-77.197341
390061,40.040892,-76.321146
390062,40.338898,-78.388446
390063,42.133899,-80.08728
390065,39.824736,-77.234747
390066,40.343263,-76.423174
390067,40.256868,-76.875707
390068,40.153823,-76.304265
390070,40.103517,-74.866233
390071,41.131733,-77.469775
390072,41.071455,-76.22885
390073,40.522047,-78.398671
390076,39.983806,-75.818339
390079,41.984832,-76.519408
390080,40.071576,-75.088415
390081,39.950933,-75.304248
390084,40.861952,-76.776757
390086,41.114518,-78.774417
390090,40.462132,-79.946263
390091,41.376814,-79.709079
390093,41.210004,-79.380613
390096,40.345762,-75.924229
390097,40.117934,-75.068993
390100,40.046918,-76.304673
390101,39.959114,-76.724101
390102,40.489155,-79.895506
390104,41.671692,-78.817165
390107,40.505924,-79.990463
390110,40.306139,-78.918584
390111,39.990821,-75.168428
390112,40.242453,-78.837329
390113,41.641465,-80.146028
390114,40.437086,-79.961543
390115,40.07117,-74.98307
390116,40.123121,-75.34024
390117,40.012116,-78.372971
390118,41.9612,-78.65924
390119,41.410753,-75.65088
390123,40.250368,-75.644434
390125,41.575925,-75.259948
390127,40.123323,-75.515227
390130,40.659329,-78.70875
390133,40.598583,-75.468316
390137,41.243072,-75.875991
390138,39.754085,-77.584103
390139,40.018829,-75.321536
390142,40.036765,-75.141064
390145,40.300846,-79.555226
390146,40.456914,-80.192025
390147,40.185319,-79.915849
390150,39.897413,-80.185369
390151,39.933584,-77.652582
390153,40.044165,-75.501669
390156,39.923173,-75.263226
390157,40.469885,-80.059967
390160,40.259666,-80.186882
390162,40.688529,-75.216985
390163,40.824103,-79.526568
390164,40.442454,-79.960429
390168,40.853708,-79.940229
390173,40.620856,-79.154978
390174,39.949782,-75.15855
390178,41.411559,-80.370315
390179,39.959519,-75.606068
390180,39.858335,-75.379841
390183,40.820939,-75.914758
390184,40.022967,-79.589301
390185,40.94896,-75.964553
390192,41.036202,-75.483195
390194,40.832063,-75.726779
390195,40.379789,-80.04098
390197,40.598583,-75.468316
390198,42.132283,-80.088829
390199,40.944448,-78.969491
390201,40.992309,-75.174758
390203,40.305881,-75.146881
390204,40.059266,-75.041452
390211,41.232119,-80.496508
390217,40.1453,-79.549386
390219,40.313888,-79.382295
390220,39.820686,-75.828358
390222,39.920635,-75.389076
390223,39.958603,-75.198685
390225,40.187159,-76.182262
390226,39.944821,-75.155169
390228,40.386663,-80.04617
390231,40.11862,-75.120499
390233,39.808666,-76.983148
390236,41.770588,-76.447073
390237,41.413031,-75.653189
390256,40.264414,-76.674014
390258,40.177614,-74.921074
390263,40.644993,-75.40909
390265,40.318666,-79.932985
390266,41.157669,-80.085668
390267,40.42826,-79.747653
390268,40.803507,-77.866624
390270,41.243072,-75.875991
390272,40.123121,-75.34024
390278,40.155851,-75.414866
390290,39.956782,-75.163517
390304,40.028784,-75.209445
390307,8.72491,-80.338454
390314,40.672698,-75.365792
390316,40.334495,-75.968636
390321,40.598583,-75.468316
390322,40.114514,-74.961992
390323,40.174551,-80.248628
390324,40.18588,-75.539276
390325,39.916818,-76.696839
390326,40.688529,-75.216985
390327,39.926177,-76.718936
390328,40.436949,-79.760539
390329,40.153509,-75.343875
390330,40.983641,-75.196965
410001,41.870904,-71.376103
410004,41.83049,-71.432598
410005,41.855974,-71.459487
410006,41.491926,-71.319112
410007,41.810772,-71.410747
410008,41.888581,-71.365877
410009,41.70628,-71.47835
410010,41.810766,-71.412186
410011,42.004971,-71.495606
410012,41.852247,-71.398498
410013,41.361568,-71.824852
420002,34.956965,-81.051367
420004,32.784537,-79.947344
420005,34.421371,-79.364923
420007,34.966678,-81.939449
420009,34.683547,-82.954215
420010,34.37213,-80.072157
420011,34.874262,-82.707323
420015,34.826458,-82.606121
420018,34.027367,-81.032295
420019,34.705007,-81.213845
420020,33.377836,-79.293189
420023,34.846404,-82.382065
420026,34.014205,-81.013399
420027,34.511552,-82.646789
420030,32.922959,-80.668902
420033,34.920049,-82.244326
420036,34.726672,-80.782845
420037,34.723519,-82.263396
420038,34.472123,-81.880747
420043,35.072995,-81.649187
420048,34.252815,-80.590596
420049,33.785374,-79.001218
420051,34.197818,-79.758257
420053,34.290096,-81.606037
420055,34.204435,-79.25382
420065,32.808787,-80.042213
420066,33.880938,-79.760775
420067,32.416834,-80.687469
420068,33.496498,-80.862668
420070,33.922676,-80.342517
420071,34.175238,-82.156707
420072,32.852235,-81.090506
420073,33.998919,-81.087761
420078,34.819861,-82.406665
420079,32.795293,-79.948209
420080,32.223473,-80.714736
420082,33.582273,-81.725302
420083,34.949568,-81.932304
420085,33.758542,-78.820016
420086,34.044165,-80.846323
420087,32.782892,-79.949585
420089,32.820188,-79.850335
420091,34.160092,-79.752058
420098,33.555347,-79.0583
420101,32.3151,-81.053868
420102,34.851877,-82.327153
420103,34.862647,-82.218678
420104,32.904764,-79.789035
420105,34.057383,-78.89841
420106,34.089499,-81.160603
420107,34.695412,-79.918475
420108,34.711989,-81.629463
420109,33.687032,-80.21027
430005,44.911518,-97.121671
430008,44.307761,-96.767104
430012,42.87175,-97.407263
430013,43.712444,-98.029068
430014,45.461244,-98.478238
430015,44.375313,-100.321494
430016,43.534045,-96.714705
430027,43.5356,-96.744668
430048,44.498137,-103.861126
430077,44.057389,-103.225371
430081,43.027277,-102.55748
430089,42.491255,-96.491786
430090,43.535337,-96.714268
430091,44.045916,-103.223136
430095,43.490981,-96.780686
430096,42.899144,-97.400972
430097,45.462955,-98.445834
440001,36.132796,-82.412216
440002,35.637431,-88.831131
440003,36.389832,-86.434045
440006,36.243875,-86.754307
440007,35.49727,-86.078296
440008,35.655092,-88.400013
440009,35.943643,-85.022157
440010,35.324895,-87.756766
440011,35.75673,-83.958977
440012,36.565486,-82.215705
440015,35.939715,-83.942884
440016,36.00617,-88.422015
440017,36.554268,-82.554874
440018,36.345778,-82.250802
440020,35.18959,-87.004193
440025,36.173402,-82.790968
440029,35.916345,-86.819643
440030,36.213235,-83.305605
440031,35.933509,-84.550277
440032,36.410645,-82.999042
440033,36.377853,-84.117999
440034,35.947264,-84.319199
440035,36.582059,-87.270323
440039,36.140382,-86.802951
440040,35.592181,-87.863873
440046,36.073284,-87.375469
440048,35.128709,-89.860899
440049,35.136934,-90.019342
440050,36.151298,-82.846022
440053,35.860402,-86.425505
440056,36.106846,-83.518864
440057,36.460453,-83.566363
440058,35.176827,-86.08981
440059,36.169847,-85.509073
440060,35.9162,-88.758614
440061,36.334235,-88.868874
440063,36.307882,-82.385256
440065,36.491333,-86.875016
440067,36.215228,-83.303667
440068,35.440626,-84.607319
440070,35.636079,-88.122092
440072,36.04443,-89.379019
440073,35.605725,-87.065978
440081,35.857575,-83.559589
440082,36.097074,-86.861172
440083,36.431051,-84.932816
440084,35.601204,-84.473388
440091,35.041977,-85.259698
440102,35.149465,-86.555865
440104,35.048374,-85.290596
440109,35.223612,-88.244278
440110,35.82539,-84.271185
440111,36.166538,-86.807107
440120,35.991818,-83.927423
440125,35.973011,-83.969472
440130,36.414354,-89.044462
440131,35.535967,-89.678141
440132,36.292232,-88.303134
440133,36.154186,-86.803266
440137,35.497695,-86.446376
440144,35.369129,-86.216203
440148,35.954245,-85.821132
440150,36.198158,-86.618496
440151,35.70015,-85.742783
440152,35.142208,-90.031569
440153,35.963468,-83.18185
440156,35.034907,-85.267751
440161,36.153699,-86.809319
440173,35.917403,-84.101925
440175,35.248473,-87.32724
440176,36.550934,-82.514467
440180,36.579853,-84.131682
440181,35.267596,-88.99981
440182,36.137137,-88.489245
440183,35.099492,-89.863211
440184,36.333168,-82.405509
440185,35.177059,-84.869465
440187,36.389888,-85.324711
440189,35.684413,-88.854055
440192,35.94915,-85.476293
440193,36.203187,-86.320404
440194,36.325132,-86.62252
440197,36.076725,-86.722731
440200,35.83232,-86.071653
440218,36.155473,-86.803617
440227,35.975111,-86.565282
440228,35.200405,-89.802486
440232,36.320071,-87.689484
450002,31.760458,-106.489929
450007,30.042356,-99.149483
450010,33.901312,-98.508645
450011,30.655929,-96.346726
450015,32.81277,-96.8351
450018,29.311028,-94.778007
450021,32.791224,-96.779001
450023,28.812803,-96.976719
450024,31.763447,-106.40254
450028,25.914644,-97.508487
450029,27.53548,-99.483817
450032,32.488428,-94.360372
450033,26.173974,-97.671128
450034,30.086619,-94.131292
450035,29.784753,-95.361416
450037,32.503425,-94.690383
450039,32.727674,-97.327865
450040,33.577615,-101.892183
450042,31.513739,-97.19827
450044,32.81843,-96.84833
450046,27.775906,-97.406434
450051,32.759586,-96.824456
450054,31.077709,-97.363854
450055,32.469748,-100.407036
450056,30.304914,-97.745402
450058,29.433867,-98.492292
450064,32.748968,-97.115794
450068,29.784753,-95.361416
450072,29.030003,-95.452401
450078,32.751242,-99.895605
450079,32.835133,-96.961073
450080,33.175735,-94.971809
450082,28.407616,-97.746867
450083,32.321898,-95.299952
450085,33.089763,-98.583961
450087,32.829314,-97.213986
450090,33.632177,-97.136641
450092,28.710877,-100.491261
450097,29.661167,-95.18374
450099,35.572395,-100.964068
450101,31.490504,-97.156532
450102,32.321898,-95.299952
450104,29.567929,-97.947389
450107,31.760458,-106.489929
450108,29.159486,-98.173761
450119,26.261297,-98.181851
450124,30.274183,-97.732994
450128,26.160878,-97.98741
450130,29.374994,-98.588562
450132,31.834454,-102.40141
450133,31.996949,-102.09965
450135,32.73779,-97.338976
450137,32.729442,-97.33181
450144,32.337516,-102.546351
450147,28.808088,-96.991099
450148,32.332168,-97.438403
450152,31.074606,-97.726731
450154,29.374578,-100.897557
450162,33.549322,-101.868848
450163,27.491359,-97.851487
450165,28.915648,-98.544225
450176,26.186224,-98.314606
450184,29.810887,-95.430669
450187,30.145436,-96.399161
450192,32.012365,-97.098317
450193,29.784753,-95.361416
450194,31.961001,-95.262445
450196,33.659854,-95.547533
450200,33.428819,-94.047324
450203,32.748269,-97.785736
450209,35.199823,-101.920803
450210,32.151838,-94.337494
450211,31.320073,-94.729906
450213,29.508224,-98.578551
450219,30.710246,-98.684095
450222,30.321868,-95.467616
450229,32.439893,-99.740303
450231,35.196207,-101.919999
450235,29.515137,-97.463753
450236,33.134579,-95.607104
450237,29.512133,-98.589245
450271,33.215677,-97.593566
450272,29.852452,-97.946274
450280,32.919654,-96.661102
450289,29.784753,-95.361416
450292,32.600224,-96.29083
450299,30.571241,-96.310712
450324,33.709997,-96.584664
450330,29.575843,-95.769862
450340,31.418433,-100.46964
450346,30.070357,-94.11979
450347,30.698734,-95.558982
450348,31.307493,-96.893064
450351,32.226045,-98.206821
450352,33.123162,-96.124206
450358,29.784753,-95.361416
450369,34.432846,-100.278147
450370,29.694753,-96.540648
450372,32.404815,-96.841781
450379,32.91545,-96.870252
450388,29.507959,-98.572254
450389,32.204723,-95.853356
450395,30.709709,-94.937494
450399,33.187643,-102.267155
450400,31.673045,-96.479763
450403,33.159641,-96.636911
450411,32.400963,-98.81991
450419,32.892974,-97.534576
450422,32.804289,-96.795115
450424,29.769039,-94.97897
450431,30.290681,-97.726745
450447,32.094473,-96.473733
450451,32.242343,-97.746291
450460,30.775328,-94.426761
450462,32.894489,-96.751919
450465,28.98011,-95.991534
450469,33.637226,-96.623733
450475,32.161237,-94.795401
450484,31.328719,-94.754019
450498,32.753698,-98.887742
450508,31.643153,-94.610755
450518,29.946205,-93.974957
450537,32.967701,-96.717007
450539,34.211662,-101.737196
450558,32.439893,-99.740303
450563,32.934009,-97.093769
450565,32.799185,-98.145012
450571,31.465082,-100.434641
450573,30.907546,-94.008358
450580,31.324808,-95.438246
450584,34.158701,-99.31524
450586,33.590091,-99.248714
450587,31.700874,-98.982649
450596,32.432362,-97.803711
450597,29.095727,-97.285544
450604,30.262428,-98.880536
450605,27.881723,-97.110227
450610,29.784753,-95.361416
450617,29.532256,-95.118836
450620,28.520047,-99.861737
450634,33.177363,-97.090886
450638,30.009827,-95.458806
450639,32.848381,-97.137786
450641,33.777263,-97.732666
450643,27.555086,-99.479161
450644,29.728767,-95.593411
450647,32.909611,-96.772178
450651,33.021676,-96.766206
450653,32.238518,-101.487521
450654,26.383321,-98.81936
450656,31.653211,-94.653925
450658,31.724893,-96.169516
450659,29.722694,-95.387553
450661,31.851086,-102.365556
450662,25.924894,-97.470316
450668,31.818409,-106.488793
450669,33.044381,-97.004532
450670,30.094985,-95.618541
450672,32.729442,-97.33181
450674,29.784753,-95.361416
450675,32.690167,-97.114058
450677,32.53319,-97.33381
450678,32.834395,-96.704854
450684,29.99553,-95.27611
450686,33.588426,-101.890642
450688,32.778773,-96.601105
450690,32.400806,-95.261851
450694,29.218917,-96.290741
450697,29.351247,-98.544798
450702,32.494627,-94.731427
450709,29.542235,-95.087681
450711,26.186291,-98.222494
450713,30.226378,-97.774422
450716,29.926872,-95.589575
450718,30.510723,-97.7135
450723,32.645185,-96.87635
450730,32.974521,-96.889803
450742,32.922065,-96.507785
450743,33.217245,-97.167154
450747,31.732959,-95.628224
450754,31.704894,-98.114065
450755,33.577972,-102.367647
450766,32.810702,-96.837427
450771,33.045205,-96.827591
450774,29.784753,-95.361416
450775,30.047059,-95.184196
450779,32.658155,-97.4219
450780,29.527273,-98.594857
450788,27.734637,-97.313642
450797,29.784753,-95.361416
450801,33.464014,-94.075579
450803,29.784753,-95.361416
450804,29.707142,-95.404532
450808,30.350594,-97.751781
450809,30.222346,-97.836521
450820,29.588964,-95.631127
450822,32.902144,-96.957013
450825,26.309029,-98.166371
450827,33.895938,-98.521496
450828,27.764759,-98.044822
450833,32.306843,-96.641156
450834,30.650542,-96.297632
450840,33.103958,-96.67359
450844,29.952627,-95.537037
450845,31.818409,-106.488793
450847,29.787271,-95.823579
450848,29.564591,-95.690248
450851,32.787788,-96.781424
450853,33.109003,-96.788765
450855,26.189818,-97.687767
450856,29.374994,-98.588562
450860,29.589963,-95.636223
450862,30.182129,-95.520448
450864,32.330932,-95.299467
450867,30.406237,-97.744639
450869,26.309029,-98.166371
450871,30.296584,-97.831342
450872,32.685678,-97.102867
450874,32.860125,-96.978893
450875,35.221849,-101.840963
450876,33.602938,-101.915394
450877,31.818409,-106.488793
450880,32.736976,-97.349085
450883,33.008607,-97.200558
450885,33.114232,-96.770958
450888,32.939581,-97.12841
450889,32.876945,-96.762105
450890,33.047269,-96.757092
450891,33.043741,-96.831958
450893,33.176491,-97.087354
450894,32.84095,-96.868258
460001,40.248164,-111.666089
460003,40.768031,-111.861331
460004,41.184943,-111.952795
460005,41.231877,-111.962366
460006,40.773201,-111.933984
460007,37.699766,-113.066541
460009,40.771278,-111.836129
460010,40.660581,-111.89116
460011,39.607805,-110.795945
460013,40.044066,-111.714211
460014,40.56657,-112.297492
460015,41.756377,-111.821929
460017,41.491209,-112.025623
460019,40.304342,-109.996199
460021,37.098114,-113.55365
460023,40.380507,-111.767222
460026,38.782645,-112.083803
460030,40.45773,-109.532292
460039,41.71552,-112.179956
460041,41.090976,-111.995429
460042,40.886366,-111.868416
460044,40.576037,-111.853745
460047,40.773201,-111.933984
460049,40.651319,-111.888359
460051,40.590415,-111.975136
460052,40.313317,-111.713896
460054,41.775806,-111.82194
460057,40.687844,-111.469371
460058,40.519961,-111.979855
460060,40.53478,-111.88937
470001,44.200039,-72.506117
470003,44.479754,-73.194161
470005,43.597441,-72.956709
470011,42.843305,-72.565004
470012,42.873978,-73.207394
470024,44.807938,-73.071195
490001,36.924988,-82.635784
490002,36.898558,-82.088463
490004,38.404951,-78.856066
490005,39.194898,-78.192432
490007,36.86198,-76.303419
490009,38.03148,-78.499386
490011,36.898874,-76.28166
490013,36.712353,-78.914457
490017,36.836497,-76.347668
490018,38.094356,-78.986789
490019,38.455154,-78.012973
490020,37.307791,-77.291181
490021,37.416729,-79.172086
490022,38.311033,-77.483604
490023,38.71232,-77.809095
490024,37.251708,-79.942407
490032,37.540421,-77.429394
490033,38.930697,-78.198274
490037,37.710932,-75.744653
490038,36.849733,-81.489804
490040,38.822888,-77.104817
490041,37.077755,-76.514264
490042,37.130072,-80.401691
490043,39.106326,-77.54975
490044,36.773045,-76.581835
490045,38.767376,-77.488312
490046,36.850116,-76.189987
490048,37.263636,-80.029638
490050,38.889602,-77.128169
490052,37.063356,-76.481897
490053,36.711498,-81.971855
490057,36.864763,-76.026343
490059,37.519231,-77.473927
490060,37.086234,-81.807692
490063,38.886493,-77.176065
490066,37.264461,-76.700352
490067,37.183409,-77.360309
490069,37.629005,-77.38643
490075,36.577422,-79.404804
490077,38.02274,-78.44448
490079,36.699124,-79.866421
490084,37.920306,-76.866317
490088,37.351339,-79.517347
490089,36.994157,-79.890239
490090,37.302959,-78.404351
490092,36.691988,-76.937418
490093,37.056314,-76.390449
490094,37.540289,-77.406595
490097,36.702662,-77.535917
490098,36.750304,-78.096004
490101,38.854084,-77.29439
490107,38.962532,-77.364306
490110,37.187422,-80.411206
490111,36.954537,-81.097208
490112,37.514443,-77.525731
490113,38.654157,-77.23744
490114,36.876951,-82.75443
490115,36.670643,-80.923948
490116,37.068405,-80.757191
490117,37.12392,-81.489122
490118,37.519231,-77.473927
490119,36.775257,-76.098828
490120,36.747206,-76.247414
490122,38.836368,-77.049221
490126,37.797325,-79.864754
490127,37.275752,-82.096722
490130,37.41817,-76.553804
490136,37.503886,-77.505968
490140,38.415415,-77.40626
490141,38.296804,-77.482857
490143,37.264461,-76.700352
490144,38.812386,-77.636399
490145,39.02626,-77.419767
500001,47.714492,-122.337276
500002,46.061268,-118.343272
500003,48.427235,-122.31133
500005,47.610013,-122.327243
500007,48.500678,-122.615911
500008,47.649276,-122.306416
500011,47.457476,-122.343112
500012,46.593247,-120.547823
500014,47.99971,-122.206688
500015,47.317254,-122.228761
500016,47.406289,-120.321603
500019,46.711846,-122.985944
500021,47.167524,-122.533553
500024,47.053135,-122.846695
500025,47.60785,-122.310937
500026,47.802989,-122.333854
500027,47.608392,-122.322135
500030,48.773541,-122.473762
500031,46.979224,-123.846356
500033,47.128329,-119.265462
500036,46.593456,-120.54629
500037,46.377153,-120.309181
500039,47.582846,-122.625049
500041,46.13006,-122.941397
500044,40.22553,-74.01021
500049,46.065746,-118.332706
500050,45.624592,-122.581452
500051,47.609759,-122.17074
500053,46.203443,-119.11848
500054,47.647986,-117.411228
500058,46.281405,-119.282267
500060,48.161939,-122.153455
500064,47.604451,-122.324281
500072,48.115371,-123.414659
500077,47.721623,-117.402054
500079,47.178606,-122.290301
500084,47.85131,-121.98551
500088,47.442721,-122.214248
500108,47.245422,-122.447849
500119,47.671654,-117.410343
500124,47.714877,-122.179923
500129,47.235357,-122.452504
500139,47.043267,-122.951521
500141,47.292244,-122.326075
500148,47.432897,-120.322496
500150,45.632518,-122.543137
500151,47.364425,-122.613468
500152,47.536106,-122.02193
510001,39.651872,-79.955603
510002,37.749943,-80.466794
510006,39.328554,-80.239582
510007,38.432362,-82.400672
510008,39.476477,-77.980235
510012,38.867039,-82.130851
510013,39.946079,-80.752467
510022,38.347621,-81.627118
510023,40.393112,-80.527862
510024,39.631574,-79.947798
510029,38.35472,-81.726469
510030,38.928135,-79.853215
510031,38.354052,-81.633227
510038,39.047754,-80.492408
510039,40.060633,-80.721602
510046,37.363314,-81.113662
510047,39.485018,-80.146077
510048,37.825021,-81.95538
510050,40.058537,-80.684496
510055,38.408627,-82.426542
510058,39.26992,-81.56017
510062,37.798957,-81.16812
510070,37.787551,-81.201835
510071,37.255666,-81.235542
510072,39.681642,-80.854518
510077,37.678437,-82.272784
510082,38.292532,-80.830077
510086,37.43907,-81.58811
510091,38.343371,-81.630158
520002,44.526519,-89.567005
520004,43.804142,-91.241665
520008,43.010743,-88.241829
520009,44.248411,-88.402614
520011,45.506577,-91.759584
520013,44.794999,-91.511999
520017,44.949827,-91.360083
520019,45.639336,-89.374671
520021,42.584327,-87.841871
520027,43.25587,-87.927389
520028,42.607933,-89.633617
520030,44.966374,-89.66776
520033,44.381664,-89.829549
520034,44.126344,-87.616591
520035,43.773246,-87.710723
520037,44.663234,-90.177021
520038,43.318093,-88.363038
520041,43.56682,-89.466811
520044,43.762065,-87.747442
520045,44.187769,-88.453211
520048,44.014076,-88.602863
520049,44.501985,-88.011137
520051,43.061161,-87.879983
520057,43.481039,-89.730542
520059,42.672608,-88.281528
520062,43.102868,-88.503882
520063,43.420674,-88.183781
520066,42.687881,-89.033391
520070,44.813607,-91.513528
520071,42.931558,-88.827909
520075,44.507832,-88.00831
520076,43.448766,-88.826525
520078,42.985672,-87.935662
520083,43.05928,-89.401518
520087,43.794306,-91.246963
520088,43.777808,-88.430645
520089,43.065421,-89.401695
520091,45.893526,-89.702494
520095,43.286906,-89.753528
520096,42.731006,-87.826702
520097,44.53291,-88.066506
520098,43.067942,-89.428712
520100,42.548291,-89.008478
520102,42.670341,-88.538331
520103,43.164512,-88.137316
520107,44.095014,-87.676983
520109,43.782704,-90.075038
520113,45.072316,-87.617236
520116,43.201773,-88.697181
520136,43.074292,-87.975935
520138,42.989759,-87.950731
520139,43.006667,-88.030213
520160,44.278865,-88.394577
520177,43.04019,-88.022643
520189,42.569112,-87.934246
520193,44.475029,-87.940817
520194,43.130977,-87.929748
520196,44.81535,-91.451744
520198,44.027153,-88.595416
520202,44.890459,-89.580064
520204,42.882895,-88.007193
520205,42.882895,-88.007193
520206,43.064995,-88.467838
520207,43.31701,-87.953993
520208,42.669359,-88.976968
530002,44.290174,-105.518554
530006,44.808523,-106.976827
530008,43.034585,-108.418679
530011,41.579621,-109.237937
530012,42.848159,-106.309421
530014,41.140265,-104.81654
530015,43.479681,-110.752838
530025,41.313704,-105.602581
530032,41.243194,-110.990374
530033,42.840635,-106.225744
670004,29.908489,-96.871955
670005,30.047059,-95.184196
670006,30.294981,-97.824442
670008,29.532256,-95.118836
670023,32.568329,-97.094506
670024,30.543339,-97.693176
670025,33.015728,-96.790313
670031,29.664556,-95.155372
670034,30.563388,-97.685012
670041,30.56817,-97.651113
670043,30.53243,-97.812184
670044,32.884414,-96.465914
670046,32.651115,-97.387928
670047,31.743497,-106.267149
670049,32.87569,-96.771348
670053,29.603754,-95.620268
670054,29.530291,-98.590529
670055,29.61018,-98.461221
670056,30.008875,-97.852647
670059,30.182129,-95.520448
670060,32.779257,-96.568732
670061,27.687144,-97.374949
670062,33.303755,-96.983379
670067,32.683056,-97.116955
670068,33.04581,-97.067515
670069,33.176067,-96.723086
670071,32.748214,-97.117687
670073,32.983868,-96.829507
670075,29.784753,-95.361416
670076,36.277886,-101.893475
670077,29.787256,-95.697307
670078,29.374994,-98.588562
670080,31.06183,-97.652211
670082,33.221085,-96.682581
670085,32.930816,-97.310861
670088,30.582932,-96.279004
670090,32.602827,-96.812722
670092,32.883752,-96.75802
670096,29.532256,-95.118836
670098,29.721947,-98.070208
670103,32.90009,-97.313814
670106,29.576312,-95.388501
670108,30.584532,-98.262713
670110,32.985701,-96.898389
670112,29.590865,-98.59057
670116,32.896866,-97.312446
670119,29.784753,-95.361416
670120,31.818409,-106.488793
670122,30.182129,-95.520448
